index,date,mean_rainfall
1,01/01/2020,0.135843626
2,02/01/2020,4.381112565
3,03/01/2020,0.13368311
4,04/01/2020,0.41995097
5,05/01/2020,0.697315211
6,06/01/2020,2.586993348
7,07/01/2020,5.993458748
8,08/01/2020,15.73193684
9,09/01/2020,0.844480198
10,10/01/2020,2.36025024
11,11/01/2020,18.28503245
12,12/01/2020,2.867894368
13,13/01/2020,11.47975588
14,14/01/2020,13.10218776
15,15/01/2020,1.924435301
16,16/01/2020,18.17351779
17,17/01/2020,0.279644633
18,18/01/2020,0.003466977
19,19/01/2020,0.142121206
20,20/01/2020,0.001801675
21,21/01/2020,0.020498971
22,22/01/2020,0.152066592
23,23/01/2020,0.003081913
24,24/01/2020,0.065506257
25,25/01/2020,0.696196475
26,26/01/2020,5.588411895
27,27/01/2020,4.779879353
28,28/01/2020,4.270287264
29,29/01/2020,10.87341642
30,30/01/2020,5.061729973
31,31/01/2020,9.434847355
32,01/02/2020,5.612939336
33,02/02/2020,15.18260345
34,03/02/2020,4.530677947
35,04/02/2020,0.116794702
36,05/02/2020,0.000334308
37,06/02/2020,0.002985878
38,07/02/2020,1.913985388
39,08/02/2020,59.58108989
40,09/02/2020,14.79803155
41,10/02/2020,17.736182
42,11/02/2020,3.690922011
43,12/02/2020,9.85621487
44,13/02/2020,3.422646447
45,14/02/2020,5.26367026
46,15/02/2020,67.52650556
47,16/02/2020,6.200147217
48,17/02/2020,3.882389209
49,18/02/2020,8.594002225
50,19/02/2020,27.62884045
51,20/02/2020,10.53082193
52,21/02/2020,43.53699927
53,22/02/2020,16.23130603
54,23/02/2020,14.24518117
55,24/02/2020,6.348016089
56,25/02/2020,3.205984408
57,26/02/2020,1.294901528
58,27/02/2020,1.276078967
59,28/02/2020,18.66805311
60,29/02/2020,29.56894554
61,01/03/2020,3.524621151
62,02/03/2020,4.640652754
63,03/03/2020,1.141926278
64,04/03/2020,0.005698972
65,05/03/2020,0.110902922
66,06/03/2020,0.7511705
67,07/03/2020,18.47953736
68,08/03/2020,3.967062083
69,09/03/2020,24.36060238
70,10/03/2020,7.493604638
71,11/03/2020,28.04808209
72,12/03/2020,14.57471973
73,13/03/2020,0.931117811
74,14/03/2020,10.54594677
75,15/03/2020,1.610294716
76,16/03/2020,1.046984353
77,17/03/2020,16.27696518
78,18/03/2020,0.027228326
79,19/03/2020,0.348722801
80,20/03/2020,0.432799738
81,21/03/2020,0.002265227
82,22/03/2020,0.000345043
83,23/03/2020,0
84,24/03/2020,0.002178585
85,25/03/2020,0.000166247
86,26/03/2020,0
87,27/03/2020,0.405645396
88,28/03/2020,2.5407511
89,29/03/2020,0.28953806
90,30/03/2020,0.011703066
91,31/03/2020,5.6584794585681e-05
92,01/04/2020,0.128507722
93,02/04/2020,0.148184241
94,03/04/2020,2.246845245
95,04/04/2020,0.031375502
96,05/04/2020,3.659518589
97,06/04/2020,0.00314957
98,07/04/2020,7.65783062826648e-05
99,08/04/2020,0.0035469
100,09/04/2020,0.00772015
101,10/04/2020,0.159287149
102,11/04/2020,1.874096567049e-05
103,12/04/2020,0.143464092
104,13/04/2020,0.03117973
105,14/04/2020,0
106,15/04/2020,0
107,16/04/2020,0
108,17/04/2020,0
109,18/04/2020,8.19048648126723e-05
110,19/04/2020,0
111,20/04/2020,0.000231898
112,21/04/2020,0.008210246
113,22/04/2020,0
114,23/04/2020,6.58966995284903e-05
115,24/04/2020,0
116,25/04/2020,0
117,26/04/2020,0.645879876
118,27/04/2020,0.007743072
119,28/04/2020,0.096128753
120,29/04/2020,4.873309916
121,30/04/2020,0.781466202
122,01/05/2020,5.316328526
123,02/05/2020,0.010774221
124,03/05/2020,0.648434519
125,04/05/2020,0.001131273
126,05/05/2020,6.51752112927087e-05
127,06/05/2020,0
128,07/05/2020,0.006195802
129,08/05/2020,0
130,09/05/2020,1.90666616
131,10/05/2020,0.717171784
132,11/05/2020,0.032821207
133,12/05/2020,1.002405126
134,13/05/2020,0.000486125
135,14/05/2020,0
136,15/05/2020,0
137,16/05/2020,2.40569586548066e-05
138,17/05/2020,1.121124289
139,18/05/2020,3.024423892
140,19/05/2020,0.170365909
141,20/05/2020,7.38830209715244e-05
142,21/05/2020,8.844169313
143,22/05/2020,10.5411931
144,23/05/2020,4.74145213
145,24/05/2020,0.539786256
146,25/05/2020,0.001017848
147,26/05/2020,0
148,27/05/2020,0
149,28/05/2020,0.001502182
150,29/05/2020,0
151,30/05/2020,0
152,31/05/2020,0.000539336
153,01/06/2020,0
154,02/06/2020,11.28725134
155,03/06/2020,1.552782964
156,04/06/2020,6.542126981
157,05/06/2020,14.63763796
158,06/06/2020,6.279072935
159,07/06/2020,0.008718536
160,08/06/2020,0
161,09/06/2020,6.770943338
162,10/06/2020,7.638976314
163,11/06/2020,17.27986401
164,12/06/2020,7.38160181
165,13/06/2020,0.20987559
166,14/06/2020,0.000915582
167,15/06/2020,0.11815147
168,16/06/2020,0.207448818
169,17/06/2020,0.021176899
170,18/06/2020,2.986568949
171,19/06/2020,4.510404522
172,20/06/2020,4.339168018
173,21/06/2020,2.267316222
174,22/06/2020,0.326166015
175,23/06/2020,0.000865776
176,24/06/2020,0
177,25/06/2020,0
178,26/06/2020,4.710327875
179,27/06/2020,13.21024236
180,28/06/2020,10.13189892
181,29/06/2020,5.252511155
182,30/06/2020,0.565159062
183,01/07/2020,7.869387237
184,02/07/2020,4.701073755
185,03/07/2020,14.95832196
186,04/07/2020,8.387981545
187,05/07/2020,14.75049522
188,06/07/2020,0.049521064
189,07/07/2020,0.02471103
190,08/07/2020,4.193391356
191,09/07/2020,6.061822761
192,10/07/2020,2.630362446
193,11/07/2020,4.10106290047452e-05
194,12/07/2020,0.43895596
195,13/07/2020,0.129961383
196,14/07/2020,0.985094989
197,15/07/2020,0.382182779
198,16/07/2020,0.001544246
199,17/07/2020,4.448853677
200,18/07/2020,0.910164259
201,19/07/2020,0.000846919
202,20/07/2020,0.005933727
203,21/07/2020,0.001354619
204,22/07/2020,3.447677894
205,23/07/2020,1.045948318
206,24/07/2020,1.132675686
207,25/07/2020,0.938028078
208,26/07/2020,10.25780682
209,27/07/2020,10.40227617
210,28/07/2020,0.310823381
211,29/07/2020,3.430487579
212,30/07/2020,0.283224789
213,31/07/2020,0.019600666
214,01/08/2020,0.760778847
215,02/08/2020,0.110352921
216,03/08/2020,0.901661855
217,04/08/2020,8.198760033
218,05/08/2020,1.460102802
219,06/08/2020,0.001638499
220,07/08/2020,4.95534127832219e-07
221,08/08/2020,0
222,09/08/2020,0.009557459
223,10/08/2020,2.41935381
224,11/08/2020,1.158914972
225,12/08/2020,0.068204657
226,13/08/2020,0.192246562
227,14/08/2020,0.219248992
228,15/08/2020,1.32232627
229,16/08/2020,17.79105845
230,17/08/2020,1.384120779
231,18/08/2020,5.123654571
232,19/08/2020,16.68349249
233,20/08/2020,10.43447997
234,21/08/2020,15.91133304
235,22/08/2020,3.861371875
236,23/08/2020,7.47401205
237,24/08/2020,13.81502685
238,25/08/2020,42.79446082
239,26/08/2020,2.486842361
240,27/08/2020,29.16713827
241,28/08/2020,1.291256477
242,29/08/2020,0.015608734
243,30/08/2020,0.000949931
244,31/08/2020,0.000348466
245,01/09/2020,0.000445413
246,02/09/2020,14.50306871
247,03/09/2020,0.932021285
248,04/09/2020,5.330047694
249,05/09/2020,1.360426139
250,06/09/2020,5.53731875
251,07/09/2020,0.583504035
252,08/09/2020,2.624503916
253,09/09/2020,0.003481138
254,10/09/2020,0.005283824
255,11/09/2020,3.440554727
256,12/09/2020,2.371211095
257,13/09/2020,0.114132405
258,14/09/2020,3.06110341341537e-05
259,15/09/2020,0.020706568
260,16/09/2020,0.004254926
261,17/09/2020,0.008451337
262,18/09/2020,0.000622442
263,19/09/2020,0.174873318
264,20/09/2020,0.0105765
265,21/09/2020,0.000417923
266,22/09/2020,8.935645732
267,23/09/2020,11.74353942
268,24/09/2020,10.51631568
269,25/09/2020,1.690974469
270,26/09/2020,0.034378553
271,27/09/2020,0.000429136
272,28/09/2020,0.171609736
273,29/09/2020,0.039647432
274,30/09/2020,8.631024317
275,01/10/2020,0.613039158
276,02/10/2020,6.418829549
277,03/10/2020,34.67562675
278,04/10/2020,5.25399816
279,05/10/2020,2.491886919
280,06/10/2020,0.692884708
281,07/10/2020,12.27661033
282,08/10/2020,3.482428096
283,09/10/2020,2.653607379
284,10/10/2020,6.261194207
285,11/10/2020,1.14523345
286,12/10/2020,7.265881278
287,13/10/2020,13.13428814
288,14/10/2020,7.665620435
289,15/10/2020,0.799615519
290,16/10/2020,1.081723779
291,17/10/2020,1.385294898
292,18/10/2020,0.39676167
293,19/10/2020,3.232494029
294,20/10/2020,2.642791022
295,21/10/2020,2.983864221
296,22/10/2020,1.680118515
297,23/10/2020,3.102007194
298,24/10/2020,9.351710623
299,25/10/2020,10.80470532
300,26/10/2020,4.638145837
301,27/10/2020,18.61864601
302,28/10/2020,6.807938467
303,29/10/2020,10.87912828
304,30/10/2020,6.784065918
305,31/10/2020,10.5199989
306,01/11/2020,25.81158777
307,02/11/2020,20.93258286
308,03/11/2020,0.394550076
309,04/11/2020,0.00063274
310,05/11/2020,0.01000864
311,06/11/2020,0.10635959
312,07/11/2020,0.334520789
313,08/11/2020,1.219372944
314,09/11/2020,0.406395006
315,10/11/2020,0.151806382
316,11/11/2020,9.708275231
317,12/11/2020,3.226256902
318,13/11/2020,2.877732374
319,14/11/2020,7.337075103
320,15/11/2020,24.09773436
321,16/11/2020,0.747412687
322,17/11/2020,1.681306102
323,18/11/2020,18.92141906
324,19/11/2020,0.005747949
325,20/11/2020,2.157199675
326,21/11/2020,4.197362304
327,22/11/2020,0.39612593
328,23/11/2020,19.98806073
329,24/11/2020,2.543295394
330,25/11/2020,0.056638707
331,26/11/2020,0.002107123
332,27/11/2020,0.001765963
333,28/11/2020,0.814831146
334,29/11/2020,1.135980877
335,30/11/2020,2.575864814
336,01/12/2020,0.261758613
337,02/12/2020,3.037954872
338,03/12/2020,7.238023498
339,04/12/2020,28.95846913
340,05/12/2020,2.27429501
341,06/12/2020,0.166498297
342,07/12/2020,3.483073939
343,08/12/2020,3.819052035
344,09/12/2020,1.100441507
345,10/12/2020,5.858709379
346,11/12/2020,4.611929623
347,12/12/2020,0.480719361
348,13/12/2020,26.70465357
349,14/12/2020,2.250011016
350,15/12/2020,9.12532024
351,16/12/2020,20.21572122
352,17/12/2020,10.307332
353,18/12/2020,13.46740671
354,19/12/2020,9.175518296
355,20/12/2020,7.411137169
356,21/12/2020,2.122748066
357,22/12/2020,5.263821548
358,23/12/2020,18.02930598
359,24/12/2020,1.24750366
360,25/12/2020,2.432609244
361,26/12/2020,46.78066184
362,27/12/2020,2.979525425
363,28/12/2020,0.302636527
364,29/12/2020,0.135821296
365,30/12/2020,0.011995075
366,31/12/2020,3.610800093
367,01/01/2021,1.243776744
368,02/01/2021,6.676765247
369,03/01/2021,8.52162864
370,04/01/2021,5.004806887
371,05/01/2021,5.532035893
372,06/01/2021,0.102472353
373,07/01/2021,4.494009972
374,08/01/2021,3.961115295
375,09/01/2021,0.437130161
376,10/01/2021,1.295484164
377,11/01/2021,15.44262101
378,12/01/2021,0.006119574
379,13/01/2021,21.48593287
380,14/01/2021,9.996322112
381,15/01/2021,13.67054189
382,16/01/2021,1.021180006
383,17/01/2021,4.349027113
384,18/01/2021,7.047240431
385,19/01/2021,33.58650684
386,20/01/2021,14.14881372
387,21/01/2021,0.532758865
388,22/01/2021,0.185745381
389,23/01/2021,0.007226793
390,24/01/2021,0.005727638
391,25/01/2021,0.01068368
392,26/01/2021,4.326758493
393,27/01/2021,17.79733966
394,28/01/2021,8.767386827
395,29/01/2021,1.010954161
396,30/01/2021,0.014062874
397,31/01/2021,0.003710693
398,01/02/2021,2.706278763
399,02/02/2021,26.61925827
400,03/02/2021,12.5360133
401,04/02/2021,7.520428462
402,05/02/2021,8.235057896
403,06/02/2021,5.901996179
404,07/02/2021,3.751787966
405,08/02/2021,2.857903107
406,09/02/2021,4.19580128
407,10/02/2021,2.449668093
408,11/02/2021,0.004023493
409,12/02/2021,0.007122737
410,13/02/2021,0.009875004
411,14/02/2021,10.88577669
412,15/02/2021,3.593363827
413,16/02/2021,8.141941699
414,17/02/2021,6.57043249
415,18/02/2021,12.25065825
416,19/02/2021,11.68144816
417,20/02/2021,16.99933264
418,21/02/2021,4.061404998
419,22/02/2021,1.258913452
420,23/02/2021,19.12277066
421,24/02/2021,8.606444012
422,25/02/2021,0.004187942
423,26/02/2021,0.001161895
424,27/02/2021,0.00014306
425,28/02/2021,0.121134579
426,01/03/2021,0.002833762
427,02/03/2021,0.033814923
428,03/03/2021,0.844388932
429,04/03/2021,1.848614796
430,05/03/2021,0.068098828
431,06/03/2021,0.007797616
432,07/03/2021,0.205757707
433,08/03/2021,0.458794578
434,09/03/2021,6.321892066
435,10/03/2021,39.4911936
436,11/03/2021,5.976732124
437,12/03/2021,17.88087836
438,13/03/2021,2.396841293
439,14/03/2021,1.85368254
440,15/03/2021,2.672647281
441,16/03/2021,0.025677593
442,17/03/2021,0.000600637
443,18/03/2021,0.349552447
444,19/03/2021,0.032939997
445,20/03/2021,0.000532095
446,21/03/2021,0.007917183
447,22/03/2021,0
448,23/03/2021,0.979475631
449,24/03/2021,2.222900564
450,25/03/2021,7.479636344
451,26/03/2021,3.353613984
452,27/03/2021,30.14238011
453,28/03/2021,26.38714487
454,29/03/2021,1.129263152
455,30/03/2021,8.43924059898365e-05
456,31/03/2021,0.143354906
457,01/04/2021,0.002233193
458,02/04/2021,8.76589834991716e-05
459,03/04/2021,0.000141111
460,04/04/2021,0.885067013
461,05/04/2021,0.0840973
462,06/04/2021,0.240297742
463,07/04/2021,0.412753861
464,08/04/2021,2.330038791
465,09/04/2021,0.001362668
466,10/04/2021,0.417397186
467,11/04/2021,1.124800934
468,12/04/2021,0.000111472
469,13/04/2021,0.16458384
470,14/04/2021,0.008681478
471,15/04/2021,0.001886182
472,16/04/2021,8.63238755745111e-05
473,17/04/2021,0
474,18/04/2021,0
475,19/04/2021,0
476,20/04/2021,0
477,21/04/2021,0
478,22/04/2021,0
479,23/04/2021,0
480,24/04/2021,0
481,25/04/2021,0
482,26/04/2021,0.839057012
483,27/04/2021,6.604618809
484,28/04/2021,0.338595355
485,29/04/2021,0.245335147
486,30/04/2021,0.403312937
487,01/05/2021,0.255168234
488,02/05/2021,0.504960132
489,03/05/2021,27.3508638
490,04/05/2021,9.631401409
491,05/05/2021,1.484836134
492,06/05/2021,2.532691186
493,07/05/2021,4.010215813
494,08/05/2021,9.453362465
495,09/05/2021,0.552490674
496,10/05/2021,7.142620997
497,11/05/2021,8.423911116
498,12/05/2021,0.148421846
499,13/05/2021,0.232851976
500,14/05/2021,0.000791818
501,15/05/2021,1.588096348
502,16/05/2021,4.922155499
503,17/05/2021,12.37382338
504,18/05/2021,0.022764463
505,19/05/2021,0.004009138
506,20/05/2021,36.31406836
507,21/05/2021,6.739959478
508,22/05/2021,2.045717868
509,23/05/2021,18.64438425
510,24/05/2021,1.778230391
511,25/05/2021,3.457918741
512,26/05/2021,2.071008384
513,27/05/2021,0.002514935
514,28/05/2021,0.001553261
515,29/05/2021,0.000683494
516,30/05/2021,0
517,31/05/2021,0
518,01/06/2021,0
519,02/06/2021,0.005448042
520,03/06/2021,0.000774527
521,04/06/2021,0.000153869
522,05/06/2021,5.75968435172895e-05
523,06/06/2021,0.028569359
524,07/06/2021,0.89709315
525,08/06/2021,8.63516096129305e-05
526,09/06/2021,0.648047507
527,10/06/2021,0.677106448
528,11/06/2021,0.000609354
529,12/06/2021,6.67216429984695e-06
530,13/06/2021,0.406123175
531,14/06/2021,4.95673010411999e-05
532,15/06/2021,0.000146591
533,16/06/2021,0.017675799
534,17/06/2021,0
535,18/06/2021,5.80989159986571e-05
536,19/06/2021,0.001476719
537,20/06/2021,0.025151403
538,21/06/2021,0.014141734
539,22/06/2021,0.002340265
540,23/06/2021,0.127514268
541,24/06/2021,10.84317662
542,25/06/2021,11.59312001
543,26/06/2021,0.165337426
544,27/06/2021,0.007519038
545,28/06/2021,0.000280188
546,29/06/2021,0
547,30/06/2021,0
548,01/07/2021,0.001504179
549,02/07/2021,13.45118635
550,03/07/2021,11.01231428
551,04/07/2021,8.684221549
552,05/07/2021,9.637049718
553,06/07/2021,1.475694299
554,07/07/2021,0.051690352
555,08/07/2021,0.002121105
556,09/07/2021,0.478437466
557,10/07/2021,0.227921035
558,11/07/2021,1.367168632
559,12/07/2021,3.03848395
560,13/07/2021,0.007722618
561,14/07/2021,6.17709134138005e-05
562,15/07/2021,0
563,16/07/2021,0
564,17/07/2021,2.19552726874058e-05
565,18/07/2021,0
566,19/07/2021,6.83487370865392e-05
567,20/07/2021,0
568,21/07/2021,0.010628209
569,22/07/2021,0.11427162
570,23/07/2021,0
571,24/07/2021,6.83487370865392e-05
572,25/07/2021,0
573,26/07/2021,0.000631001
574,27/07/2021,13.08042882
575,28/07/2021,5.056540641
576,29/07/2021,1.689683359
577,30/07/2021,8.976966013
578,31/07/2021,2.356750011
579,01/08/2021,0.002388965
580,02/08/2021,0.00025941
581,03/08/2021,0.181665735
582,04/08/2021,0.125218787
583,05/08/2021,7.597854723
584,06/08/2021,11.12242265
585,07/08/2021,3.246955861
586,08/08/2021,6.820162556
587,09/08/2021,0.344498827
588,10/08/2021,0.099154515
589,11/08/2021,2.926306486
590,12/08/2021,0.453805816
591,13/08/2021,0.268464951
592,14/08/2021,1.59914816
593,15/08/2021,0.990176878
594,16/08/2021,1.01633821
595,17/08/2021,0.022541224
596,18/08/2021,0.015139699
597,19/08/2021,1.337352452
598,20/08/2021,3.395284772
599,21/08/2021,9.981851643
600,22/08/2021,1.960647187
601,23/08/2021,0.01240223
602,24/08/2021,0.000432756
603,25/08/2021,0.180956785
604,26/08/2021,0.046604584
605,27/08/2021,0.000171916
606,28/08/2021,0.017662114
607,29/08/2021,0.598166252
608,30/08/2021,0.414815319
609,31/08/2021,1.421959639
610,01/09/2021,0.049056891
611,02/09/2021,0.000666267
612,03/09/2021,0.854553496
613,04/09/2021,0.007911365
614,05/09/2021,1.030439136
615,06/09/2021,0.150116077
616,07/09/2021,0.000371374
617,08/09/2021,1.612574648
618,09/09/2021,5.155234077
619,10/09/2021,1.351032788
620,11/09/2021,0.014316049
621,12/09/2021,0.090204533
622,13/09/2021,0.010235837
623,14/09/2021,0.296750877
624,15/09/2021,0.006910567
625,16/09/2021,0.000982631
626,17/09/2021,0.014616243
627,18/09/2021,1.752106412
628,19/09/2021,0.618693174
629,20/09/2021,0.003746935
630,21/09/2021,0.014079181
631,22/09/2021,1.367597986
632,23/09/2021,0.753842812
633,24/09/2021,0.563161641
634,25/09/2021,0.043491249
635,26/09/2021,14.42440089
636,27/09/2021,5.913256884
637,28/09/2021,5.882049604
638,29/09/2021,2.241819815
639,30/09/2021,22.46833992
640,01/10/2021,9.804806969
641,02/10/2021,23.43799973
642,03/10/2021,12.36145444
643,04/10/2021,26.77863581
644,05/10/2021,25.0271238
645,06/10/2021,0.803047633
646,07/10/2021,1.054224851
647,08/10/2021,0.000578853
648,09/10/2021,0.826426189
649,10/10/2021,0.008577444
650,11/10/2021,0.004241198
651,12/10/2021,0.654787673
652,13/10/2021,0.000870269
653,14/10/2021,3.650856343
654,15/10/2021,0.001626644
655,16/10/2021,1.891647902
656,17/10/2021,1.430188258
657,18/10/2021,1.738648683
658,19/10/2021,6.944820859
659,20/10/2021,4.102776094
660,21/10/2021,0.040174351
661,22/10/2021,0.13728893
662,23/10/2021,0.159704013
663,24/10/2021,4.606683406
664,25/10/2021,1.044228573
665,26/10/2021,7.899250616
666,27/10/2021,14.45484495
667,28/10/2021,16.21102437
668,29/10/2021,12.67881736
669,30/10/2021,7.469343207
670,31/10/2021,27.2249279
671,01/11/2021,0.484251285
672,02/11/2021,0.266619657
673,03/11/2021,0.345867583
674,04/11/2021,0.14103219
675,05/11/2021,0.055731968
676,06/11/2021,11.03839263
677,07/11/2021,0.009970424
678,08/11/2021,1.138218975
679,09/11/2021,2.406932695
680,10/11/2021,0.010222848
681,11/11/2021,2.393618725
682,12/11/2021,7.301161918
683,13/11/2021,0.023838447
684,14/11/2021,0.000591656
685,15/11/2021,0.312387483
686,16/11/2021,4.452153303
687,17/11/2021,1.50104889
688,18/11/2021,0.005246682
689,19/11/2021,0.004628348
690,20/11/2021,1.492722487
691,21/11/2021,0.495833559
692,22/11/2021,0.006916386
693,23/11/2021,0.000913414
694,24/11/2021,0.177324427
695,25/11/2021,14.21552012
696,26/11/2021,26.1141797
697,27/11/2021,0.240359374
698,28/11/2021,1.381317122
699,29/11/2021,0.550458253
700,30/11/2021,20.51561087
701,01/12/2021,4.764117317
702,02/12/2021,1.13549352
703,03/12/2021,5.067379431
704,04/12/2021,19.61455059
705,05/12/2021,0.865529587
706,06/12/2021,3.470099449
707,07/12/2021,5.844451958
708,08/12/2021,0.381964018
709,09/12/2021,2.464736353
710,10/12/2021,0.166123609
711,11/12/2021,3.097965273
712,12/12/2021,2.885302446
713,13/12/2021,0.111576846
714,14/12/2021,0.001229262
715,15/12/2021,0.189354784
716,16/12/2021,0.003270831
717,17/12/2021,0.149691776
718,18/12/2021,0.173831818
719,19/12/2021,0.351879092
720,20/12/2021,0.133508766
721,21/12/2021,0.000881903
722,22/12/2021,2.499135017
723,23/12/2021,3.653995438
724,24/12/2021,2.642896793
725,25/12/2021,5.356955702
726,26/12/2021,1.013805882
727,27/12/2021,3.524121068
728,28/12/2021,1.731193689
729,29/12/2021,12.8577072
730,30/12/2021,31.92224867
731,31/12/2021,0.568095672
732,01/01/2022,2.484712552
733,02/01/2022,12.91700511
734,03/01/2022,8.420806668
735,04/01/2022,0.004511417
736,05/01/2022,0.003032831
737,06/01/2022,5.973190481
738,07/01/2022,7.764742483
739,08/01/2022,3.397722277
740,09/01/2022,1.845512374
741,10/01/2022,0.710417099
742,11/01/2022,0.119535944
743,12/01/2022,0.001779356
744,13/01/2022,0.009028778
745,14/01/2022,0.001993662
746,15/01/2022,0.020357362
747,16/01/2022,0.00724559
748,17/01/2022,0.009267467
749,18/01/2022,4.17970264
750,19/01/2022,0.000715385
751,20/01/2022,0.00832628
752,21/01/2022,0.024774355
753,22/01/2022,0.005307297
754,23/01/2022,0
755,24/01/2022,0.007996307
756,25/01/2022,0.107568723
757,26/01/2022,7.773725466
758,27/01/2022,0.1428217
759,28/01/2022,0.030000425
760,29/01/2022,0.114189243
761,30/01/2022,10.0864843
762,31/01/2022,1.099516607
763,01/02/2022,1.385558118
764,02/02/2022,0.645361768
765,03/02/2022,4.328238942
766,04/02/2022,3.690249129
767,05/02/2022,31.30209004
768,06/02/2022,3.662699277
769,07/02/2022,1.248223862
770,08/02/2022,5.791940342
771,09/02/2022,0.114089986
772,10/02/2022,0.165859077
773,11/02/2022,1.84604065
774,12/02/2022,11.95692127
775,13/02/2022,21.18592913
776,14/02/2022,10.49746288
777,15/02/2022,6.139030522
778,16/02/2022,16.58814877
779,17/02/2022,8.941876108
780,18/02/2022,8.83564017
781,19/02/2022,41.9017712
782,20/02/2022,35.29227829
783,21/02/2022,9.268680659
784,22/02/2022,3.074450861
785,23/02/2022,14.60490556
786,24/02/2022,5.494807872
787,25/02/2022,0.000767435
788,26/02/2022,0.001073366
789,27/02/2022,1.770978835
790,28/02/2022,6.769003738
791,01/03/2022,0.464745402
792,02/03/2022,7.524897554
793,03/03/2022,12.92222209
794,04/03/2022,1.600463125
795,05/03/2022,0.817981156
796,06/03/2022,0.010759079
797,07/03/2022,0.131849951
798,08/03/2022,0.001383629
799,09/03/2022,0.0372464
800,10/03/2022,0.016949085
801,11/03/2022,12.85422598
802,12/03/2022,2.653896884
803,13/03/2022,0.63509124
804,14/03/2022,5.655174515
805,15/03/2022,0.001409666
806,16/03/2022,1.706022458
807,17/03/2022,0.35136517
808,18/03/2022,0.114261842
809,19/03/2022,0.000292529
810,20/03/2022,0.000652155
811,21/03/2022,0.009480337
812,22/03/2022,0.000219826
813,23/03/2022,0
814,24/03/2022,0.003092415
815,25/03/2022,0
816,26/03/2022,2.56003106060958e-05
817,27/03/2022,0.041865432
818,28/03/2022,0.525078507
819,29/03/2022,3.351477341
820,30/03/2022,5.854923454
821,31/03/2022,2.948518374
822,01/04/2022,0.270131608
823,02/04/2022,0.111659344
824,03/04/2022,1.447296419
825,04/04/2022,4.282607404
826,05/04/2022,18.59673045
827,06/04/2022,25.48839092
828,07/04/2022,1.129411524
829,08/04/2022,0.25703479
830,09/04/2022,0.107533949
831,10/04/2022,0.23715781
832,11/04/2022,0.930450746
833,12/04/2022,9.114262971
834,13/04/2022,0.001382742
835,14/04/2022,0.000522284
836,15/04/2022,0
837,16/04/2022,0.000189883
838,17/04/2022,2.810486067
839,18/04/2022,0.010353946
840,19/04/2022,0.544178783
841,20/04/2022,0
842,21/04/2022,9.49415448717032e-05
843,22/04/2022,0
844,23/04/2022,0
845,24/04/2022,0.844825816
846,25/04/2022,0.788962762
847,26/04/2022,0.030797713
848,27/04/2022,1.57305859199203e-05
849,28/04/2022,9.41237356693653e-06
850,29/04/2022,2.06161163227782e-05
851,30/04/2022,5.132711931
852,01/05/2022,0.002226236
853,02/05/2022,0.524297943
854,03/05/2022,2.887433583
855,04/05/2022,0.439701804
856,05/05/2022,0.001574679
857,06/05/2022,2.390939994
858,07/05/2022,0.000166116
859,08/05/2022,0
860,09/05/2022,3.83440216
861,10/05/2022,11.82629793
862,11/05/2022,0.542983675
863,12/05/2022,6.190957611
864,13/05/2022,0.001784428
865,14/05/2022,0.000279648
866,15/05/2022,9.70297523
867,16/05/2022,10.2537873
868,17/05/2022,2.374080951
869,18/05/2022,5.090976
870,19/05/2022,0.000418372
871,20/05/2022,2.122984507
872,21/05/2022,0.619059412
873,22/05/2022,2.351397287
874,23/05/2022,0.206696975
875,24/05/2022,0.347820192
876,25/05/2022,1.48779998
877,26/05/2022,2.637886465
878,27/05/2022,9.73112151169434e-05
879,28/05/2022,0.00362803
880,29/05/2022,0.207795929
881,30/05/2022,5.186925715
882,31/05/2022,4.530244253
883,01/06/2022,2.783358173
884,02/06/2022,5.538796988
885,03/06/2022,0.00576888
886,04/06/2022,0.000158387
887,05/06/2022,9.06033128
888,06/06/2022,0.000587654
889,07/06/2022,11.6703949
890,08/06/2022,0.407260772
891,09/06/2022,0.171187036
892,10/06/2022,0.575194267
893,11/06/2022,7.395891211
894,12/06/2022,0.784391399
895,13/06/2022,0.02723579
896,14/06/2022,0.000100253
897,15/06/2022,0
898,16/06/2022,0.001561934
899,17/06/2022,1.539753028
900,18/06/2022,0.002210323
901,19/06/2022,0
902,20/06/2022,0
903,21/06/2022,0.001616568
904,22/06/2022,0
905,23/06/2022,3.218041127
906,24/06/2022,4.199685465
907,25/06/2022,2.10212555
908,26/06/2022,2.738836402
909,27/06/2022,0.199425351
910,28/06/2022,10.29340987
911,29/06/2022,4.718070182
912,30/06/2022,5.296273492
913,01/07/2022,3.676698977
914,02/07/2022,0.172427342
915,03/07/2022,4.478012356
916,04/07/2022,0.00460653
917,05/07/2022,0.441934164
918,06/07/2022,0.260775972
919,07/07/2022,0.000134674
920,08/07/2022,5.03473209867231e-05
921,09/07/2022,0
922,10/07/2022,0
923,11/07/2022,0
924,12/07/2022,0.00692459
925,13/07/2022,0.146271668
926,14/07/2022,1.210507285
927,15/07/2022,1.474262086
928,16/07/2022,0.250668018
929,17/07/2022,0.000987234
930,18/07/2022,2.60492080961037e-05
931,19/07/2022,0.008767018
932,20/07/2022,2.769952579
933,21/07/2022,1.461821659
934,22/07/2022,4.556860913
935,23/07/2022,4.602889191
936,24/07/2022,6.589235349
937,25/07/2022,6.884246913
938,26/07/2022,0.128102421
939,27/07/2022,2.091345814
940,28/07/2022,10.3888017
941,29/07/2022,0.434869163
942,30/07/2022,8.402926597
943,31/07/2022,0.005241579
944,01/08/2022,12.10989354
945,02/08/2022,1.658953103
946,03/08/2022,4.467919946
947,04/08/2022,0.002944479
948,05/08/2022,0.262340173
949,06/08/2022,7.07155929417654e-05
950,07/08/2022,0.002320274
951,08/08/2022,0.000141431
952,09/08/2022,3.21193219111716e-05
953,10/08/2022,0
954,11/08/2022,0
955,12/08/2022,0
956,13/08/2022,0
957,14/08/2022,0.018163531
958,15/08/2022,1.252928319
959,16/08/2022,1.037395458
960,17/08/2022,0.000716086
961,18/08/2022,0.121144013
962,19/08/2022,0.289943089
963,20/08/2022,19.05112414
964,21/08/2022,0.063664248
965,22/08/2022,0.149057549
966,23/08/2022,8.529304895
967,24/08/2022,0.016582377
968,25/08/2022,0.000813498
969,26/08/2022,3.84677701597205e-05
970,27/08/2022,0.0003293
971,28/08/2022,0.091144011
972,29/08/2022,0.120004202
973,30/08/2022,0.0014916
974,31/08/2022,0.086629485
975,01/09/2022,0.002451547
976,02/09/2022,0.053222076
977,03/09/2022,9.298205657
978,04/09/2022,4.586958603
979,05/09/2022,4.585300879
980,06/09/2022,13.07199313
981,07/09/2022,6.964610815
982,08/09/2022,18.2272299
983,09/09/2022,11.28974329
984,10/09/2022,0.302461672
985,11/09/2022,3.845988881
986,12/09/2022,1.15357493
987,13/09/2022,0.00942346
988,14/09/2022,0.000305474
989,15/09/2022,0.535083773
990,16/09/2022,0.007130984
991,17/09/2022,0.001858179
992,18/09/2022,1.82795388
993,19/09/2022,0.149222462
994,20/09/2022,0.02548057
995,21/09/2022,0.056780505
996,22/09/2022,7.217686978
997,23/09/2022,0.275176987
998,24/09/2022,0.027860737
999,25/09/2022,9.680433924
1000,26/09/2022,3.265968973
1001,27/09/2022,1.244902383
1002,28/09/2022,20.46199053
1003,29/09/2022,0.667419318
1004,30/09/2022,30.41877218
1005,01/10/2022,2.991649346
1006,02/10/2022,0.007756868
1007,03/10/2022,0.292980956
1008,04/10/2022,21.96813167
1009,05/10/2022,8.297776591
1010,06/10/2022,22.4300166
1011,07/10/2022,8.359079448
1012,08/10/2022,0.113994015
1013,09/10/2022,9.624673237
1014,10/10/2022,0.219217567
1015,11/10/2022,0.01703134
1016,12/10/2022,3.530199105
1017,13/10/2022,3.291061293
1018,14/10/2022,5.970666257
1019,15/10/2022,12.23790264
1020,16/10/2022,12.13152686
1021,17/10/2022,1.176269938
1022,18/10/2022,0.80086995
1023,19/10/2022,11.52251356
1024,20/10/2022,28.65930904
1025,21/10/2022,4.802319982
1026,22/10/2022,0.11494452
1027,23/10/2022,15.99557387
1028,24/10/2022,1.461756969
1029,25/10/2022,14.09928014
1030,26/10/2022,1.536064408
1031,27/10/2022,9.325927496
1032,28/10/2022,1.79597063
1033,29/10/2022,6.710287268
1034,30/10/2022,5.088824901
1035,31/10/2022,13.84759079
1036,01/11/2022,7.379677534
1037,02/11/2022,27.25554093
1038,03/11/2022,1.256792346
1039,04/11/2022,2.191741244
1040,05/11/2022,2.986280365
1041,06/11/2022,5.975771427
1042,07/11/2022,2.552991672
1043,08/11/2022,7.072441296
1044,09/11/2022,2.925260002
1045,10/11/2022,7.317038948
1046,11/11/2022,0.706575503
1047,12/11/2022,0.109037998
1048,13/11/2022,0.123749585
1049,14/11/2022,1.52827284
1050,15/11/2022,17.64356253
1051,16/11/2022,13.06494869
1052,17/11/2022,30.17655347
1053,18/11/2022,0.424861165
1054,19/11/2022,7.888495163
1055,20/11/2022,1.412961232
1056,21/11/2022,5.241397316
1057,22/11/2022,4.44965109
1058,23/11/2022,13.60071278
1059,24/11/2022,9.185039173
1060,25/11/2022,0.255263077
1061,26/11/2022,8.403721788
1062,27/11/2022,0.160903403
1063,28/11/2022,0.004558236
1064,29/11/2022,0.123484899
1065,30/11/2022,0.266006146
1066,01/12/2022,1.163325765
1067,02/12/2022,0.646453673
1068,03/12/2022,4.107245846
1069,04/12/2022,11.12054352
1070,05/12/2022,3.098054843
1071,06/12/2022,1.155356594
1072,07/12/2022,0.017596764
1073,08/12/2022,0.325992324
1074,09/12/2022,0.01263481
1075,10/12/2022,0.003570294
1076,11/12/2022,0.025410859
1077,12/12/2022,0.001898898
1078,13/12/2022,0.002539727
1079,14/12/2022,0.000461999
1080,15/12/2022,0.001054122
1081,16/12/2022,1.804497795
1082,17/12/2022,2.630020494
1083,18/12/2022,9.846902284
1084,19/12/2022,3.91064115
1085,20/12/2022,6.039862958
1086,21/12/2022,4.918317947
1087,22/12/2022,0.184369973
1088,23/12/2022,13.56378564
1089,24/12/2022,14.49785935
1090,25/12/2022,12.89982002
1091,26/12/2022,3.297999068
1092,27/12/2022,6.792634704
1093,28/12/2022,15.80591609
1094,29/12/2022,13.27412623
1095,30/12/2022,10.27229391
1096,31/12/2022,27.23525385
1097,01/01/2023,2.895753839
1098,02/01/2023,3.184449857
1099,03/01/2023,15.98459825
1100,04/01/2023,6.532720392
1101,05/01/2023,11.02966677
1102,06/01/2023,17.12243748
1103,07/01/2023,9.32257752
1104,08/01/2023,13.46019702
1105,09/01/2023,4.151401357
1106,10/01/2023,28.72987123
1107,11/01/2023,22.76869748
1108,12/01/2023,20.61861949
1109,13/01/2023,8.896850066
1110,14/01/2023,12.88423252
1111,15/01/2023,1.35536675
1112,16/01/2023,0.130117457
1113,17/01/2023,0.002568262
1114,18/01/2023,0.006357638
1115,19/01/2023,0.006236542
1116,20/01/2023,0.004653835
1117,21/01/2023,0.011834618
1118,22/01/2023,0.00455111
1119,23/01/2023,0.012990653
1120,24/01/2023,0.021760019
1121,25/01/2023,1.225260605
1122,26/01/2023,1.984322548
1123,27/01/2023,0.018599223
1124,28/01/2023,0.063238986
1125,29/01/2023,0.613709848
1126,30/01/2023,4.838355433
1127,31/01/2023,8.909807725
1128,01/02/2023,3.721297622
1129,02/02/2023,0.58172363
1130,03/02/2023,1.071364435
1131,04/02/2023,1.557296986
1132,05/02/2023,0.017283521
1133,06/02/2023,0.008795712
1134,07/02/2023,0.168020621
1135,08/02/2023,0.751562972
1136,09/02/2023,0.002494936
1137,10/02/2023,0.180434849
1138,11/02/2023,0.005166883
1139,12/02/2023,0.000242051
1140,13/02/2023,0.172138491
1141,14/02/2023,0.024645242
1142,15/02/2023,1.089830786
1143,16/02/2023,9.45347036
1144,17/02/2023,13.14446917
1145,18/02/2023,3.10579262
1146,19/02/2023,3.85928064
1147,20/02/2023,0.726785986
1148,21/02/2023,0.040998127
1149,22/02/2023,4.350595572
1150,23/02/2023,0.04644101
1151,24/02/2023,0.09040323
1152,25/02/2023,0.848119324
1153,26/02/2023,1.111435942
1154,27/02/2023,1.996260253
1155,28/02/2023,3.952626965
1156,01/03/2023,5.295928933
1157,02/03/2023,1.038553474
1158,03/03/2023,0.001030486
1159,04/03/2023,0.006433903
1160,05/03/2023,1.065636591
1161,06/03/2023,1.828805902
1162,07/03/2023,0.024717053
1163,08/03/2023,0.025043555
1164,09/03/2023,7.670476046
1165,10/03/2023,0.014280121
1166,11/03/2023,4.881922072
1167,12/03/2023,16.77611243
1168,13/03/2023,9.651124586
1169,14/03/2023,3.175838947
1170,15/03/2023,7.244248629
1171,16/03/2023,4.628412268
1172,17/03/2023,1.667155439
1173,18/03/2023,0.512706509
1174,19/03/2023,0.352169544
1175,20/03/2023,3.765867829
1176,21/03/2023,6.751848546
1177,22/03/2023,27.15301704
1178,23/03/2023,11.5633776
1179,24/03/2023,14.18181337
1180,25/03/2023,10.56460766
1181,26/03/2023,0.692780641
1182,27/03/2023,1.690359208
1183,28/03/2023,4.52838228
1184,29/03/2023,4.0079712
1185,30/03/2023,2.269777049
1186,31/03/2023,2.46113956
1187,01/04/2023,0.827425407
1188,02/04/2023,0.001347359
1189,03/04/2023,0.001078684
1190,04/04/2023,2.734285712
1191,05/04/2023,10.42512833
1192,06/04/2023,0.225447211
1193,07/04/2023,0.002023083
1194,08/04/2023,0.000115917
1195,09/04/2023,2.590040575
1196,10/04/2023,6.774970792
1197,11/04/2023,18.90856231
1198,12/04/2023,6.598894748
1199,13/04/2023,2.035736398
1200,14/04/2023,2.022328057
1201,15/04/2023,0.000753835
1202,16/04/2023,0.021458722
1203,17/04/2023,0.065061818
1204,18/04/2023,0.001726579
1205,19/04/2023,0.000505473
1206,20/04/2023,0
1207,21/04/2023,19.04439532
1208,22/04/2023,3.150914669
1209,23/04/2023,0.763592033
1210,24/04/2023,0.647970023
1211,25/04/2023,0.000525994
1212,26/04/2023,0.000278913
1213,27/04/2023,1.406969683
1214,28/04/2023,0.07117265
1215,29/04/2023,5.415764635
1216,30/04/2023,0.846668211
1217,01/05/2023,0.249523896
1218,02/05/2023,0.000693055
1219,03/05/2023,8.21797611003851e-05
1220,04/05/2023,1.032452716
1221,05/05/2023,0.635981174
1222,06/05/2023,5.042709567
1223,07/05/2023,1.612758872
1224,08/05/2023,3.748155605
1225,09/05/2023,2.547482686
1226,10/05/2023,0.455782852
1227,11/05/2023,9.89006632
1228,12/05/2023,0.159450108
1229,13/05/2023,3.99687219628091e-06
1230,14/05/2023,0.10482024
1231,15/05/2023,0.061861943
1232,16/05/2023,0.018270885
1233,17/05/2023,0.016479288
1234,18/05/2023,2.324737679
1235,19/05/2023,0.14671403
1236,20/05/2023,0.000108191
1237,21/05/2023,7.87669906788903e-05
1238,22/05/2023,0.011030741
1239,23/05/2023,0
1240,24/05/2023,0
1241,25/05/2023,5.5935109212545e-05
1242,26/05/2023,5.5935109212545e-05
1243,27/05/2023,0
1244,28/05/2023,0
1245,29/05/2023,5.5935109212545e-05
1246,30/05/2023,0
1247,31/05/2023,0
1248,01/06/2023,0.000102443
1249,02/06/2023,0
1250,03/06/2023,0
1251,04/06/2023,4.65385425059139e-05
1252,05/06/2023,0.016777465
1253,06/06/2023,7.30394901299033e-05
1254,07/06/2023,0
1255,08/06/2023,0
1256,09/06/2023,0
1257,10/06/2023,0.039271577
1258,11/06/2023,2.911694689
1259,12/06/2023,4.23736269061175e-05
1260,13/06/2023,0
1261,14/06/2023,0
1262,15/06/2023,0
1263,16/06/2023,0
1264,17/06/2023,0.008698091
1265,18/06/2023,12.66476146
1266,19/06/2023,0.018524038
1267,20/06/2023,6.696316264
1268,21/06/2023,0.003344335
1269,22/06/2023,0
1270,23/06/2023,8.331967527
1271,24/06/2023,0.057274734
1272,25/06/2023,7.014281316
1273,26/06/2023,0.455206596
1274,27/06/2023,2.800263058
1275,28/06/2023,0.80658309
1276,29/06/2023,0.706579314
1277,30/06/2023,4.650598374
1278,01/07/2023,0.865523793
1279,02/07/2023,6.965549404
1280,03/07/2023,0.767558252
1281,04/07/2023,2.673550606
1282,05/07/2023,0.342197707
1283,06/07/2023,0.293276097
1284,07/07/2023,0.002495126
1285,08/07/2023,5.786894842
1286,09/07/2023,0.836314318
1287,10/07/2023,2.698086684
1288,11/07/2023,2.241816905
1289,12/07/2023,0.844533765
1290,13/07/2023,0.702644833
1291,14/07/2023,23.72397683
1292,15/07/2023,23.51642349
1293,16/07/2023,4.495879986
1294,17/07/2023,2.390807585
1295,18/07/2023,7.113387606
1296,19/07/2023,0.781889024
1297,20/07/2023,0.872909736
1298,21/07/2023,6.654132214
1299,22/07/2023,16.55828038
1300,23/07/2023,18.59643243
1301,24/07/2023,0.000688213
1302,25/07/2023,0.67168133
1303,26/07/2023,8.671135144
1304,27/07/2023,1.39954561
1305,28/07/2023,1.931636095
1306,29/07/2023,6.579125751
1307,30/07/2023,7.208175529
1308,31/07/2023,7.472633253
1309,01/08/2023,6.8841784
1310,02/08/2023,14.66980553
1311,03/08/2023,5.855825056
1312,04/08/2023,6.377342051
1313,05/08/2023,3.818405682
1314,06/08/2023,3.40570957
1315,07/08/2023,0.387810179
1316,08/08/2023,0
1317,09/08/2023,2.36782457418175e-05
1318,10/08/2023,0.187150751
1319,11/08/2023,0.502791651
1320,12/08/2023,4.09378158
1321,13/08/2023,3.453575188
1322,14/08/2023,28.77594211
1323,15/08/2023,0.260053644
1324,16/08/2023,0.246895092
1325,17/08/2023,0.000152238
1326,18/08/2023,17.35789719
1327,19/08/2023,1.076550373
1328,20/08/2023,0.776836048
1329,21/08/2023,4.102825598
1330,22/08/2023,0.416336723
1331,23/08/2023,1.470318588
1332,24/08/2023,0.110186301
1333,25/08/2023,0.384612883
1334,26/08/2023,2.925518144
1335,27/08/2023,1.410831427
1336,28/08/2023,0.239255521
1337,29/08/2023,0.331438449
1338,30/08/2023,0.010463238
1339,31/08/2023,1.897073529
1340,01/09/2023,0.473677647
1341,02/09/2023,0.010852088
1342,03/09/2023,0.000951813
1343,04/09/2023,0.000203294
1344,05/09/2023,0.010046023
1345,06/09/2023,0.00474314
1346,07/09/2023,0.530894389
1347,08/09/2023,0.000663476
1348,09/09/2023,0.004616964
1349,10/09/2023,44.70855106
1350,11/09/2023,1.591551916
1351,12/09/2023,0.178407697
1352,13/09/2023,3.688951677
1353,14/09/2023,17.66724131
1354,15/09/2023,6.008524006
1355,16/09/2023,0.384293129
1356,17/09/2023,6.38732338
1357,18/09/2023,13.43649934
1358,19/09/2023,22.58084696
1359,20/09/2023,7.757838401
1360,21/09/2023,0.882788452
1361,22/09/2023,4.07534324
1362,23/09/2023,2.653588945
1363,24/09/2023,9.077980648
1364,25/09/2023,0.114900286
1365,26/09/2023,5.88690088
1366,27/09/2023,13.34610887
1367,28/09/2023,1.813958807
1368,29/09/2023,0.023193798
1369,30/09/2023,5.691363421
1370,01/10/2023,0.837453457
1371,02/10/2023,2.965281172
1372,03/10/2023,2.158365808
1373,04/10/2023,7.860221364
1374,05/10/2023,13.1477981
1375,06/10/2023,29.44614801
1376,07/10/2023,0.883763917
1377,08/10/2023,0.269820784
1378,09/10/2023,0.011290596
1379,10/10/2023,4.855813254
1380,11/10/2023,0.017460021
1381,12/10/2023,1.040978946
1382,13/10/2023,0.163010362
1383,14/10/2023,0.762022487
1384,15/10/2023,0.004738844
1385,16/10/2023,0.013256888
1386,17/10/2023,0.000565331
1387,18/10/2023,12.49462223
1388,19/10/2023,15.43378938
1389,20/10/2023,25.27354006
1390,21/10/2023,0.032935861
1391,22/10/2023,0.169256375
1392,23/10/2023,0.628052894
1393,24/10/2023,0.378977907
1394,25/10/2023,2.514585159
1395,26/10/2023,7.253628882
1396,27/10/2023,3.324399406
1397,28/10/2023,10.36519228
1398,29/10/2023,2.800590412
1399,30/10/2023,0.400277517
1400,31/10/2023,18.51476218
1401,01/11/2023,10.29154613
1402,02/11/2023,16.48125471
1403,03/11/2023,0.020615546
1404,04/11/2023,2.154103875
1405,05/11/2023,0.283622499
1406,06/11/2023,4.228826209
1407,07/11/2023,3.306698344
1408,08/11/2023,14.59855335
1409,09/11/2023,3.263258208
1410,10/11/2023,0.043198388
1411,11/11/2023,0.002348665
1412,12/11/2023,18.32158722
1413,13/11/2023,34.7594223
1414,14/11/2023,19.29760959
1415,15/11/2023,4.758733944
1416,16/11/2023,0.475579008
1417,17/11/2023,7.640009967
1418,18/11/2023,23.79263332
1419,19/11/2023,3.25296778
1420,20/11/2023,2.175259509
1421,21/11/2023,0.943504843
1422,22/11/2023,3.414589546
1423,23/11/2023,1.97327609
1424,24/11/2023,0.013179567
1425,25/11/2023,0.03316448
1426,26/11/2023,4.408388799
1427,27/11/2023,10.897572
1428,28/11/2023,0.169680477
1429,29/11/2023,3.034587643
1430,30/11/2023,0.045744849
1431,01/12/2023,0.168783018
1432,02/12/2023,2.550499569
1433,03/12/2023,3.627037027
1434,04/12/2023,32.05679469
1435,05/12/2023,0.036569298
1436,06/12/2023,0.705271534
1437,07/12/2023,40.67191159
1438,08/12/2023,8.16249026
1439,09/12/2023,15.11510871
1440,10/12/2023,6.335582711
1441,11/12/2023,5.620111834
1442,12/12/2023,11.75519609
1443,13/12/2023,1.759250912
1444,14/12/2023,0.266836613
1445,15/12/2023,0.013944182
1446,16/12/2023,1.475591435
1447,17/12/2023,3.891562288
1448,18/12/2023,1.884044501
1449,19/12/2023,1.47101088
1450,20/12/2023,9.881613775
1451,21/12/2023,4.259744688
1452,22/12/2023,9.315930887
1453,23/12/2023,6.747718746
1454,24/12/2023,5.226301692
1455,25/12/2023,11.95079257
1456,26/12/2023,9.934413802
1457,27/12/2023,64.32741928
1458,28/12/2023,19.30028152
1459,29/12/2023,7.406481786
1460,30/12/2023,18.39267202
1461,31/12/2023,8.415143512
1462,01/01/2024,15.4221706
1463,02/01/2024,13.83510741
1464,03/01/2024,0.969639808
1465,04/01/2024,0.345393689
1466,05/01/2024,1.49240885
1467,06/01/2024,0.050101403
1468,07/01/2024,1.83118585
1469,08/01/2024,0.272938912
1470,09/01/2024,1.250579894
1471,10/01/2024,3.56608691
1472,11/01/2024,0.532362063
1473,12/01/2024,0.215840186
1474,13/01/2024,0.059300277
1475,14/01/2024,0.224708859
1476,15/01/2024,0.012576682
1477,16/01/2024,5.374096025
1478,17/01/2024,0.001840813
1479,18/01/2024,0.000591025
1480,19/01/2024,1.76323487
1481,20/01/2024,11.46302891
1482,21/01/2024,27.19496241
1483,22/01/2024,2.332770261
1484,23/01/2024,27.07606758
1485,24/01/2024,0.25597436
1486,25/01/2024,13.56436131
1487,26/01/2024,4.966508865
1488,27/01/2024,0.162327013
1489,28/01/2024,6.361385432
1490,29/01/2024,22.11057316
1491,30/01/2024,0.00388853
1492,31/01/2024,15.70508567
1493,01/02/2024,0.017990895
1494,02/02/2024,1.008524721
1495,03/02/2024,0.004738057
1496,04/02/2024,0.517841053
1497,05/02/2024,6.747320219
1498,06/02/2024,0.244662508
1499,07/02/2024,0.245334877
1500,08/02/2024,11.7521537
1501,09/02/2024,7.953869668
1502,10/02/2024,1.863414288
1503,11/02/2024,0.777366928
1504,12/02/2024,8.305789124
1505,13/02/2024,3.235429319
1506,14/02/2024,8.385219747
1507,15/02/2024,2.24629795
1508,16/02/2024,0.268603335
1509,17/02/2024,4.619756135
1510,18/02/2024,1.788301668
1511,19/02/2024,0.013334105
1512,20/02/2024,13.3196702
1513,21/02/2024,10.75112217
1514,22/02/2024,1.035802898
1515,23/02/2024,1.17016005
1516,24/02/2024,0.198827198
1517,25/02/2024,0.674886116
1518,26/02/2024,1.700709636
1519,27/02/2024,3.140611887
1520,28/02/2024,9.565622373
1521,29/02/2024,0.54087523
1522,01/03/2024,10.118477
1523,02/03/2024,17.73023605
1524,03/03/2024,0.170316726
1525,04/03/2024,3.062513406
1526,05/03/2024,0.022951344
1527,06/03/2024,0.586828546
1528,07/03/2024,0.560870395
1529,08/03/2024,0.001761038
1530,09/03/2024,7.829272162
1531,10/03/2024,3.621384664
1532,11/03/2024,0.392919717
1533,12/03/2024,7.643533923
1534,13/03/2024,11.79091185
1535,14/03/2024,7.708875114
1536,15/03/2024,1.18163862
1537,16/03/2024,5.082870527
1538,17/03/2024,0.777007387
1539,18/03/2024,1.202995178
1540,19/03/2024,3.174724297
1541,20/03/2024,0.917859302
1542,21/03/2024,4.664094773
1543,22/03/2024,2.838245175
1544,23/03/2024,1.387105319
1545,24/03/2024,1.489417878
1546,25/03/2024,6.445146214
1547,26/03/2024,7.220594666
1548,27/03/2024,3.283581344
1549,28/03/2024,5.094320882
1550,29/03/2024,7.574425372
1551,30/03/2024,0.046491825
1552,31/03/2024,2.227062339
1553,01/04/2024,6.274126356
1554,02/04/2024,9.010358507
1555,03/04/2024,2.86099273
1556,04/04/2024,17.9169152
1557,05/04/2024,10.6868782
1558,06/04/2024,13.46361477
1559,07/04/2024,1.8188536
1560,08/04/2024,14.97267571
1561,09/04/2024,11.13682084
1562,10/04/2024,5.06192772
1563,11/04/2024,3.759462064
1564,12/04/2024,0.743224894
1565,13/04/2024,4.883414615
1566,14/04/2024,15.58179981
1567,15/04/2024,3.149357481
1568,16/04/2024,0.76980645
1569,17/04/2024,0.036910652
1570,18/04/2024,4.659494855
1571,19/04/2024,0.060722648
1572,20/04/2024,0.001751627
1573,21/04/2024,0.511163625
1574,22/04/2024,3.392608448
1575,23/04/2024,0.002222469
1576,24/04/2024,0.562888984
1577,25/04/2024,0.298557604
1578,26/04/2024,0.221343618
1579,27/04/2024,0.413904594
1580,28/04/2024,8.889779828
1581,29/04/2024,3.033952388
1582,30/04/2024,0.001002633
1583,01/05/2024,0.008092558
1584,02/05/2024,0.019335909
1585,03/05/2024,4.157109239
1586,04/05/2024,0.11699687
1587,05/05/2024,0.292071805
1588,06/05/2024,11.27900492
1589,07/05/2024,0.063414436
1590,08/05/2024,0.000113652
1591,09/05/2024,0
1592,10/05/2024,4.14718625424112e-05
1593,11/05/2024,0
1594,12/05/2024,24.572067
1595,13/05/2024,1.380636077
1596,14/05/2024,6.41408671
1597,15/05/2024,0.219198563
1598,16/05/2024,0.077086138
1599,17/05/2024,0.0087994
1600,18/05/2024,0.002240592
1601,19/05/2024,0.106985436
1602,20/05/2024,0.00320326
1603,21/05/2024,1.702821916
1604,22/05/2024,59.74110257
1605,23/05/2024,5.913055247
1606,24/05/2024,0.221020273
1607,25/05/2024,8.421774322
1608,26/05/2024,10.60526011
1609,27/05/2024,1.555855523
1610,28/05/2024,6.143386928
1611,29/05/2024,5.428404635
1612,30/05/2024,0.007985223
1613,31/05/2024,0
1614,01/06/2024,0
1615,02/06/2024,0.00017113
1616,03/06/2024,0.022840792
1617,04/06/2024,3.177001639
1618,05/06/2024,5.024702159
1619,06/06/2024,0.584066002
1620,07/06/2024,2.933240587
1621,08/06/2024,0.698807588
1622,09/06/2024,4.199862188
1623,10/06/2024,2.55859828
1624,11/06/2024,1.040209678
1625,12/06/2024,0.150101984
1626,13/06/2024,9.902195909
1627,14/06/2024,0.770114145
1628,15/06/2024,18.07539389
1629,16/06/2024,5.940927549
1630,17/06/2024,0.077665059
1631,18/06/2024,0.088902008
1632,19/06/2024,0.000210165
1633,20/06/2024,0.000332924
1634,21/06/2024,0.344276114
1635,22/06/2024,0.020937767
1636,23/06/2024,0.000177712
1637,24/06/2024,0
1638,25/06/2024,0.782669951
1639,26/06/2024,0.257567765
1640,27/06/2024,17.67206708
1641,28/06/2024,1.129607393
1642,29/06/2024,0.024286412
1643,30/06/2024,0.110358774
1644,01/07/2024,1.508557005
1645,02/07/2024,7.958771857
1646,03/07/2024,2.077547772
1647,04/07/2024,1.407220104
1648,05/07/2024,0.007374612
1649,06/07/2024,1.12140193
1650,07/07/2024,1.239658234
1651,08/07/2024,4.981421709
1652,09/07/2024,26.11684773
1653,10/07/2024,16.31627772
1654,11/07/2024,0.987388689
1655,12/07/2024,0.134912841
1656,13/07/2024,8.585132946
1657,14/07/2024,1.777793781
1658,15/07/2024,1.787750027
1659,16/07/2024,3.12046775
1660,17/07/2024,0.01868975
1661,18/07/2024,0.024774129
1662,19/07/2024,0
1663,20/07/2024,7.696620009
1664,21/07/2024,1.516317576
1665,22/07/2024,2.231576968
1666,23/07/2024,0.009709746
1667,24/07/2024,0.113964729
1668,25/07/2024,2.280157246
1669,26/07/2024,1.519999363
1670,27/07/2024,0.63233854
1671,28/07/2024,0.000326989
1672,29/07/2024,0.000179856
1673,30/07/2024,0
1674,31/07/2024,0.971740769
1675,01/08/2024,0.388072974
1676,02/08/2024,0.612215646
1677,03/08/2024,0.009041544
1678,04/08/2024,0.888011919
1679,05/08/2024,5.045816064
1680,06/08/2024,0.199326329
1681,07/08/2024,1.664078474
1682,08/08/2024,5.090188612
1683,09/08/2024,0.330525419
1684,10/08/2024,4.36127015978565e-05
1685,11/08/2024,0.467955545
1686,12/08/2024,0.080783875
1687,13/08/2024,0.339845717
1688,14/08/2024,2.728157509
1689,15/08/2024,1.883680121
1690,16/08/2024,0.001362348
1691,17/08/2024,0.00106116
1692,18/08/2024,0.000319512
1693,19/08/2024,6.373292034
1694,20/08/2024,3.354476094
1695,21/08/2024,7.671119278
1696,22/08/2024,18.44078966
1697,23/08/2024,2.533135972
1698,24/08/2024,0.496429695
1699,25/08/2024,20.49614594
1700,26/08/2024,0.626144641
1701,27/08/2024,4.831882065
1702,28/08/2024,1.156906263
1703,29/08/2024,0.071128893
1704,30/08/2024,0.010676306
1705,31/08/2024,0.150687653
1706,01/09/2024,10.4059365
1707,02/09/2024,0.205590052
1708,03/09/2024,1.057045251
1709,04/09/2024,1.894939276
1710,05/09/2024,1.716819173
1711,06/09/2024,0.037387205
1712,07/09/2024,0.232625438
1713,08/09/2024,13.59855106
1714,09/09/2024,12.83220573
1715,10/09/2024,1.899838984
1716,11/09/2024,0.776680898
1717,12/09/2024,0.570451585
1718,13/09/2024,0.032502907
1719,14/09/2024,1.817290545
1720,15/09/2024,3.988403927
1721,16/09/2024,0.002722251
1722,17/09/2024,0.00026834
1723,18/09/2024,0.012656331
1724,19/09/2024,0.192851321
1725,20/09/2024,0.238209561
1726,21/09/2024,0.017679515
1727,22/09/2024,1.198116262
1728,23/09/2024,7.147602732
1729,24/09/2024,1.411994425
1730,25/09/2024,44.15037259
1731,26/09/2024,18.54113752
1732,27/09/2024,0.013567487
1733,28/09/2024,0.163041291
1734,29/09/2024,0.179500026
1735,30/09/2024,4.814482711
1736,01/10/2024,7.843195894
1737,02/10/2024,0.015021401
1738,03/10/2024,0.013475874
1739,04/10/2024,0.002980017
1740,05/10/2024,0.515566997
1741,06/10/2024,13.40032664
1742,07/10/2024,1.546671689
1743,08/10/2024,35.89313854
1744,09/10/2024,12.28559017
1745,10/10/2024,0.002291934
1746,11/10/2024,0.153317578
1747,12/10/2024,7.227639935
1748,13/10/2024,0.044400592
1749,14/10/2024,0.001158491
1750,15/10/2024,22.907341
1751,16/10/2024,50.09658484
1752,17/10/2024,0.614132291
1753,18/10/2024,6.667627291
1754,19/10/2024,7.759425705
1755,20/10/2024,21.33757539
1756,21/10/2024,6.473962415
1757,22/10/2024,0.232676304
1758,23/10/2024,0.012900263
1759,24/10/2024,0.013198676
1760,25/10/2024,0.06225354
1761,26/10/2024,4.614382169
1762,27/10/2024,5.097910101
1763,28/10/2024,1.484790054
1764,29/10/2024,0.033900343
1765,30/10/2024,0.043199823
1766,31/10/2024,0.027836011
1767,01/11/2024,0.786987367
1768,02/11/2024,0.117817748
1769,03/11/2024,0.07123251
1770,04/11/2024,0.014511691
1771,05/11/2024,0.078557222
1772,06/11/2024,0.076277387
1773,07/11/2024,0.112793972
1774,08/11/2024,0.027940687
1775,09/11/2024,0.155539957
1776,10/11/2024,0.314241734
1777,11/11/2024,0.017175668
1778,12/11/2024,0.0828803
1779,13/11/2024,0.183146647
1780,14/11/2024,0.18438423
1781,15/11/2024,1.263167032
1782,16/11/2024,0.011591394
1783,17/11/2024,0.12126416
1784,18/11/2024,0.018994991
1785,19/11/2024,0.005754722
1786,20/11/2024,0.014836431
1787,21/11/2024,0.002251442
1788,22/11/2024,1.941332969
1789,23/11/2024,39.5893364
1790,24/11/2024,8.484587756
1791,25/11/2024,0.117507242
1792,26/11/2024,0.111114008
1793,27/11/2024,0.210606439
1794,28/11/2024,0.219980103
1795,29/11/2024,1.587758324
1796,30/11/2024,4.425391436
1797,01/12/2024,4.985913678
1798,02/12/2024,2.525450333
1799,03/12/2024,1.273991701
1800,04/12/2024,4.963506915
1801,05/12/2024,7.754696998
1802,06/12/2024,17.29958118
1803,07/12/2024,19.56362278
1804,08/12/2024,7.15581985
1805,09/12/2024,0.824958958
1806,10/12/2024,0.001062106
1807,11/12/2024,0.004989086
1808,12/12/2024,0.275154114
1809,13/12/2024,0.495730447
1810,14/12/2024,1.630437802
1811,15/12/2024,0.972723915
1812,16/12/2024,0.321294711
1813,17/12/2024,6.136580359
1814,18/12/2024,0.354504707
1815,19/12/2024,1.163755281
1816,20/12/2024,4.631124496
1817,21/12/2024,3.246027513
1818,22/12/2024,1.197534458
1819,23/12/2024,1.251879735
1820,24/12/2024,0.642151535
1821,25/12/2024,0.019088422
1822,26/12/2024,0.211304299
1823,27/12/2024,0.144938166
1824,28/12/2024,0.695574506
1825,29/12/2024,0.424107764
1826,30/12/2024,1.923349397
1827,31/12/2024,50.14826809
1828,01/01/2025,1.15012429
1829,02/01/2025,0.025923295
1830,03/01/2025,0.322487571
1831,04/01/2025,0.816317472
1832,05/01/2025,1.955877131
1833,06/01/2025,0.58260831
1834,07/01/2025,0.092729048
1835,08/01/2025,0.019486861
1836,09/01/2025,0.057350852
1837,10/01/2025,0.309747869
1838,11/01/2025,0.136408026
1839,12/01/2025,0.53515625
1840,13/01/2025,18.02294922
1841,14/01/2025,0.090198864
1842,15/01/2025,0.004305753
1843,16/01/2025,0.018066406
1844,17/01/2025,0.546031605
1845,18/01/2025,0.005060369
1846,19/01/2025,0.019797585
1847,20/01/2025,0.99551669
1848,21/01/2025,0.585049716
1849,22/01/2025,0.884987571
1850,23/01/2025,14.58385121
1851,24/01/2025,1.154918324
1852,25/01/2025,0.371582031
1853,26/01/2025,12.0435902
1854,27/01/2025,5.194824219
1855,28/01/2025,0.361949574
1856,29/01/2025,0.015225497
1857,30/01/2025,1.112926136
1858,31/01/2025,0.63334517
1859,01/02/2025,0.002175071
1860,02/02/2025,0.19198331
1861,03/02/2025,0.679066051
1862,04/02/2025,4.162153764
1863,05/02/2025,0.025923295
1864,06/02/2025,0.230291193
1865,07/02/2025,0.234863281
1866,08/02/2025,3.428622159
1867,09/02/2025,2.949662642
1868,10/02/2025,6.611150568
1869,11/02/2025,3.762917259
1870,12/02/2025,1.016867898
1871,13/02/2025,0.022194602
1872,14/02/2025,0.121493253
1873,15/02/2025,1.570800781
1874,16/02/2025,0.915394176
1875,17/02/2025,0.004838423
1876,18/02/2025,0
1877,19/02/2025,5.188520952
1878,20/02/2025,6.748845881
1879,21/02/2025,3.42578125
1880,22/02/2025,0.122114702
1881,23/02/2025,12.40931286
1882,24/02/2025,3.145862926
1883,25/02/2025,1.493829901
1884,26/02/2025,3.719593395
1885,27/02/2025,0.103116122
1886,28/02/2025,0.039284446
1887,01/03/2025,0.294433594
1888,02/03/2025,0.281205611
1889,03/03/2025,0.003551136
1890,04/03/2025,0.00053267
1891,05/03/2025,0.09037642
1892,06/03/2025,1.906649503
1893,07/03/2025,2.354758523
1894,08/03/2025,0.00279652
1895,09/03/2025,0.001864347
1896,10/03/2025,0.532004616
1897,11/03/2025,0.425648082
1898,12/03/2025,5.806019176
1899,13/03/2025,1.122425426
1900,14/03/2025,0.302956321
1901,15/03/2025,0.207830256
1902,16/03/2025,0.643821023
1903,17/03/2025,0.112215909
1904,18/03/2025,0.008300781
1905,19/03/2025,0.00443892
1906,20/03/2025,0
1907,21/03/2025,3.224209872
1908,22/03/2025,12.37797408
1909,23/03/2025,0.003506747
1910,24/03/2025,0.067604759
1911,25/03/2025,0.100896662
1912,26/03/2025,0.086958452
1913,27/03/2025,3.639737216
1914,28/03/2025,1.400923295
1915,29/03/2025,0.707475142
1916,30/03/2025,0
1917,31/03/2025,0.002352628
1918,01/04/2025,0.00443892
1919,02/04/2025,0.004172585
1920,03/04/2025,0.000754616
1921,04/04/2025,0
1922,05/04/2025,0
1923,06/04/2025,0.002397017
1924,07/04/2025,0.09042081
1925,08/04/2025,0.000932173
1926,09/04/2025,0.002397017
1927,10/04/2025,0
1928,11/04/2025,0
1929,12/04/2025,0.017755682
1930,13/04/2025,1.167080966
1931,14/04/2025,2.617409446
1932,15/04/2025,2.430308949
1933,16/04/2025,5.156915838
1934,17/04/2025,0.00723544
1935,18/04/2025,5.495161577
1936,19/04/2025,0
1937,20/04/2025,1.236239347
1938,21/04/2025,0.334650213
1939,22/04/2025,0.007901278
1940,23/04/2025,0
1941,24/04/2025,0.08926669
1942,25/04/2025,0
1943,26/04/2025,0
1944,27/04/2025,0
1945,28/04/2025,0
1946,29/04/2025,0
1947,30/04/2025,0
1948,01/05/2025,0.253861861
1949,02/05/2025,0.703169389
1950,03/05/2025,0
1951,04/05/2025,0.462224787
1952,05/05/2025,0.001553622
1953,06/05/2025,0
1954,07/05/2025,0
1955,08/05/2025,0
1956,09/05/2025,0
1957,10/05/2025,0
1958,11/05/2025,0
1959,12/05/2025,0
1960,13/05/2025,0.002441406
1961,14/05/2025,0
1962,15/05/2025,0
1963,16/05/2025,0
1964,17/05/2025,0
1965,18/05/2025,0.011585582
1966,19/05/2025,0.001287287
1967,20/05/2025,0.001953125
1968,21/05/2025,0.022105824
1969,22/05/2025,0
1970,23/05/2025,6.551402699
1971,24/05/2025,9.575195313
1972,25/05/2025,2.284845526
1973,26/05/2025,5.49050071
1974,27/05/2025,3.069469105
1975,28/05/2025,13.29820668
1976,29/05/2025,5.085626776
1977,30/05/2025,0.014825994
1978,31/05/2025,1.090065696
1979,01/06/2025,2.230246804
1980,02/06/2025,13.1595348
1981,03/06/2025,3.432661577
1982,04/06/2025,11.10369318
1983,05/06/2025,1.982111151
1984,06/06/2025,4.412064986
1985,07/06/2025,2.846058239
1986,08/06/2025,2.332697088
1987,09/06/2025,14.49928977
1988,10/06/2025,0.006258878
1989,11/06/2025,0
1990,12/06/2025,0.012739702
1991,13/06/2025,7.622070313
1992,14/06/2025,2.432839134
1993,15/06/2025,0.104714134
1994,16/06/2025,0.290616122
1995,17/06/2025,0.353604403
1996,18/06/2025,0.000665838
1997,19/06/2025,0
1998,20/06/2025,0
1999,21/06/2025,1.145197088
2000,22/06/2025,5.627175071
2001,23/06/2025,2.531738281
2002,24/06/2025,2.566006747
2003,25/06/2025,4.330743963
2004,26/06/2025,1.791548295
2005,27/06/2025,5.512739702
2006,28/06/2025,1.634543679
2007,29/06/2025,0
2008,30/06/2025,0.002308239
2009,01/07/2025,14.44886364
2010,02/07/2025,7.301757813
2011,03/07/2025,2.528808594
2012,04/07/2025,3.658602628
2013,05/07/2025,5.706409801
2014,06/07/2025,5.675470526
2015,07/07/2025,6.239479759
2016,08/07/2025,0.549627131
2017,09/07/2025,0.003462358
2018,10/07/2025,0.000310724
2019,11/07/2025,0
2020,12/07/2025,0.000266335
2021,13/07/2025,0.558238636
2022,14/07/2025,7.943137429
2023,15/07/2025,14.89865945
2024,16/07/2025,0.003151634
2025,17/07/2025,0.002530185
2026,18/07/2025,1.453924006
2027,19/07/2025,5.845880682
2028,20/07/2025,5.665039063
2029,21/07/2025,6.125
2030,22/07/2025,0.020463423
2031,23/07/2025,0.629083807
2032,24/07/2025,0.000754616
2033,25/07/2025,0.220525568
2034,26/07/2025,0.01673473
2035,27/07/2025,0.613725142
2036,28/07/2025,0.005149148
2037,29/07/2025,0.01229581
2038,30/07/2025,0.018110795
2039,31/07/2025,3.056640625
2040,01/08/2025,0.089089134
2041,02/08/2025,1.190962358
2042,03/08/2025,6.538041548
2043,04/08/2025,3.370383523
2044,05/08/2025,1.518022017
2045,06/08/2025,2.320134943
2046,07/08/2025,1.014248935
2047,08/08/2025,0.176535866
2048,09/08/2025,0.09987571
2049,10/08/2025,0.576748935
2050,11/08/2025,1.836603338
2051,12/08/2025,0.008789063
2052,13/08/2025,0
2053,14/08/2025,0
2054,15/08/2025,0.515891335
2055,16/08/2025,0
2056,17/08/2025,0.079190341
2057,18/08/2025,0.482776989
2058,19/08/2025,0.68803267
2059,20/08/2025,0
2060,21/08/2025,0
2061,22/08/2025,0
2062,23/08/2025,0
2063,24/08/2025,0
2064,25/08/2025,0.471590909
2065,26/08/2025,1.197310014
2066,27/08/2025,2.961736506
2067,28/08/2025,1.932528409
2068,29/08/2025,0.607776989
2069,30/08/2025,8.208806818
2070,31/08/2025,1.806285511
2071,01/09/2025,7.714177912
2072,02/09/2025,10.23588423
2073,03/09/2025,3.082386364
2074,04/09/2025,0.183416193
2075,05/09/2025,0.088290128
2076,06/09/2025,0.001331676
2077,07/09/2025,6.16574929
2078,08/09/2025,0.701171875
2079,09/09/2025,0.017089844
2080,10/09/2025,9.065252131
2081,11/09/2025,11.59716797
2082,12/09/2025,9.364657315
2083,13/09/2025,8.129572088
2084,14/09/2025,23.29474432
2085,15/09/2025,14.66663707
2086,16/09/2025,8.68807706
2087,17/09/2025,0.179021662
2088,18/09/2025,4.181196733
2089,19/09/2025,23.03808594
2090,20/09/2025,39.83691406
2091,21/09/2025,0.271928267
2092,22/09/2025,0.002041903
2093,23/09/2025,0.439453125
2094,24/09/2025,0.074973366
2095,25/09/2025,0.016113281
2096,26/09/2025,0
2097,27/09/2025,3.551269531
2098,28/09/2025,0.08815696
2099,29/09/2025,0.004128196
2100,30/09/2025,4.630459872
2101,01/10/2025,1.183815696
2102,02/10/2025,8.922718395
2103,03/10/2025,22.80153587
2104,04/10/2025,0.647105824
2105,05/10/2025,0.833318537
2106,06/10/2025,0.212091619
2107,07/10/2025,2.36829723
2108,08/10/2025,0.078524503
2109,09/10/2025,0.002707741
2110,10/10/2025,0.000932173
2111,11/10/2025,0.017089844
2112,12/10/2025,0.179465554
2113,13/10/2025,0.251864347
2114,14/10/2025,0.013050426
2115,15/10/2025,0.000754616
2116,16/10/2025,0
2117,17/10/2025,0
2118,18/10/2025,0.09321733
2119,19/10/2025,15.39923651
2120,20/10/2025,1.236772017
2121,21/10/2025,2.50834517
2122,22/10/2025,0.100807884
2123,23/10/2025,0.116344105
2124,24/10/2025,5.809215199
2125,25/10/2025,0.003506747
2126,26/10/2025,6.182084517
2127,27/10/2025,5.277210582
2128,28/10/2025,2.510209517
2129,29/10/2025,0.466663707
2130,30/10/2025,4.623712713
2131,31/10/2025,18.5135831
2132,01/11/2025,3.429287997
2133,02/11/2025,7.337091619
2134,03/11/2025,10.78551136
2135,04/11/2025,6.803311435
2136,05/11/2025,2.888227983
2137,06/11/2025,0.026544744
2138,07/11/2025,2.069380327
2139,08/11/2025,0.320800781
2140,09/11/2025,8.261674361
2141,10/11/2025,2.135253906
2142,11/11/2025,12.82204368
2143,12/11/2025,54.13658558
2144,13/11/2025,10.57856889
2145,14/11/2025,7.052956321
2146,15/11/2025,0.694291548
2147,16/11/2025,0.011763139
2148,17/11/2025,0.130371094
2149,18/11/2025,4.57475142
2150,19/11/2025,1.480779474
2151,20/11/2025,0.666903409
2152,21/11/2025,8.437455611
2153,22/11/2025,12.87464489
2154,23/11/2025,7.704767401
2155,24/11/2025,4.949263139
2156,25/11/2025,0.105158026
2157,26/11/2025,8.409534801
2158,27/11/2025,4.484508168
2159,28/11/2025,9.884366122
2160,29/11/2025,7.284667969
2161,30/11/2025,17.70485618
2162,01/12/2025,13.75812322
2163,02/12/2025,0.700017756
2164,03/12/2025,0.328524503
2165,04/12/2025,4.123757102
2166,05/12/2025,16.64746094
2167,06/12/2025,4.791326349
2168,07/12/2025,12.23353161
2169,08/12/2025,13.5127397
2170,09/12/2025,11.90802557
2171,10/12/2025,2.76615767
2172,11/12/2025,3.656649503
2173,12/12/2025,0.776367188
2174,13/12/2025,2.115234375
2175,14/12/2025,9.89786044
2176,15/12/2025,4.170854048
2177,16/12/2025,0.607333097
2178,17/12/2025,19.41384055
2179,18/12/2025,9.278631037
2180,19/12/2025,5.473677202
2181,20/12/2025,0.100008878
2182,21/12/2025,5.341441761
2183,22/12/2025,0.005548651
2184,23/12/2025,0.331365412
2185,24/12/2025,0.212713068
2186,25/12/2025,0
2187,26/12/2025,0.000710227
2188,27/12/2025,0.384588068
2189,28/12/2025,0.001020952
2190,29/12/2025,0.828613281
2191,30/12/2025,0.262606534
2192,31/12/2025,1.599742543
2193,01/01/2026,0.001376065
2194,02/01/2026,0.003684304
2195,03/01/2026,0.006791548
2196,04/01/2026,0.009011009
2197,05/01/2026,0.00332919
2198,06/01/2026,4.329678622
2199,07/01/2026,0.202148438
2200,08/01/2026,0.323819247
2201,09/01/2026,3.085138494
2202,10/01/2026,0.514870384
2203,11/01/2026,16.98659446
2204,12/01/2026,7.69420277
2205,13/01/2026,5.473055753
2206,14/01/2026,4.121004972
2207,15/01/2026,0.215287642
2208,16/01/2026,6.019486861
2209,17/01/2026,0.104137074
2210,18/01/2026,6.723943537
2211,19/01/2026,0.647194602
2212,20/01/2026,6.869806463
2213,21/01/2026,10.67737926
2214,22/01/2026,21.17484908
2215,23/01/2026,10.12508878
2216,24/01/2026,6.19473544
2217,25/01/2026,6.213645241
2218,26/01/2026,1.80690696
2219,27/01/2026,10.32004616
2220,28/01/2026,0.283025568
2221,29/01/2026,0.566495028
2222,30/01/2026,8.507501776
2223,31/01/2026,3.817160866
2224,01/02/2026,0.666681463
2225,02/02/2026,2.758433949
2226,03/02/2026,1.039905895
2227,04/02/2026,7.750799006
2228,05/02/2026,6.231667259
2229,06/02/2026,7.316006747
2230,07/02/2026,13.50763494
2231,08/02/2026,1.506880327
2232,09/02/2026,3.269220526
2233,10/02/2026,12.20050604
2234,11/02/2026,10.48899148
2235,12/02/2026,1.929509943
2236,13/02/2026,4.849653764
2237,14/02/2026,1.229580966
2238,15/02/2026,6.646484375
2239,16/02/2026,3.537109375
2240,17/02/2026,1.447842685
2241,18/02/2026,0.00053267
2242,19/02/2026,1.137118253
2243,20/02/2026,2.201970881
2244,21/02/2026,6.363636364
2245,22/02/2026,7.235839844
2246,23/02/2026,4.44584517
2247,24/02/2026,0.024147727
2248,25/02/2026,13.37140447
2249,26/02/2026,3.196866122
2250,27/02/2026,0.457830256
2251,28/02/2026,0.850319602
