Easting,Northing,Elevation_m,Surface_cover
85141,33937,484,grass
85148,33930,484,grass
85150,33924,484,grass
85151,33917,484,grass
85151,33915,482,grass
85152,33911,482,grass
85154,33905,483,grass/ reeds
85155,33902,482,grass
85156,33897,482,grass
85159,33891,481,grass
85161,33884,480,grass
85161,33884,480,reeds
85166,33872,478,grass
85166,33869,478,grass
85168,33863,478,grass
85168,33861,476,grass
85167,33854,475,grass
85164,33851,473,grass
85166,33847,471,grass
85166,33846,473,grass
85167,33844,471,grass
85168,33842,473,grass/reeds
85170,33839,471,bank
85170,33837,467,river
85170,33835,469,mid river
85171,33834,469,grass/rock
85173,33831,469,grass/rock
85174,33824,470,old bank
85174,33822,469,grass
85175,33820,467,mossy bank
85178,33812,469,grass
85179,33810,471,grass
85179,33808,471,grass
85178,33802,473,grass
85180,33799,475,grass
85184,33798,477,grass
,,,
85171,33931,485,grass and gravel
85172,33927,485,gravel
85173,33922,485,gravel transitioning into grass
85173,33917,485,grass 
85175,33915,485,grass
85176,33905,484,grass transitioning into reeds
85177,33899,483,reeds
85178,33894,481,reeds
85182,33889,480,reeds
85183,33883,481,reeds and grass
85185,33877,481,reeds and grass
85186,33872,480,reeds and grass
85186,33866,479,reeds and grass
85189,33861,479,rocks and grass
85193,33855,468,rocks 
85197,33851,470,rocks 
85200,33847,472,rocks and grass
85200,33840,469,grass 
85203,33835,469,grass 
85202,33829,470,grass 
85203,33824,471,grass
85202,33821,470,grass
85203,33817,473,grass 
85202,33814,471,rock
85202,33808,473,grass hill
85203,33806,474,grass
85204,33804,475,grass
85203,33801,476,grass
85203,33800,478,grass
85204,33798,478,grass
85204,33794,478,grass
85204,33794,478,grass
85204,33793,477,grass
85204,33791,477,grass
,,,
85125,33923,483,Grass
85128,33918,481,Grass
85129,33911,482,Grass
85132,33904,481,Grass
85135,33899,482,Grass
85135,33893,481,Grass
85136,33889,480,Grass
85138,33883,479,Grass
85138,33879,479,Grass + Shaft mine
85140,33877,478,Grass + Shaft mine
85142,33872,478,Grass + Shaft mine
85143,33870,477,Grass + Shaft mine
85144,33866,478,Reeds
85144,33862,476,Reeds
85145,33858,475,Reeds
85148,33851,472,Moss
85149,33844,474,Grass
85150,33841,468,Grass
85152,33831,469,Grass
85154,33830,469,Grass
85153,33827,467,Grass
85154,33826,468,Grass
85154,33823,466,Grass
85156,33821,466,"Water, rocks"
85158,33820,466,"Water, rocks"
85158,33817,468,"Reeds, grass, rocks"
85160,33816,467,Grass
85159,33813,466,Grass
85163,33806,467,"Grass, thistle"
85162,33803,469,"Moss, grass"
85163,33797,469,Grass
85163,33796,468,"Moss, grass, rock"
85162,33793,467,"Moss, grass, rock"
85161,33788,468,Grass
85165,33787,475,"Moss, grass"
85165,33782,474,"Moss, grass"
85165,33779,474,Grass
,,,
85128,33924,480,Grass
85131,33917,485,Grass
85130,33908,481,Grass
85133,33898,479,Grass
85132,33893,482,Grass
85136,33885,482,Grass
85136,33883,482,Grass
85137,33880,479,Grass
85136,33876,478,Grass
85138,33875,479,Grass
85140,33868,482,Grass
85141,33866,482,Grass
85141,33855,483,Grass
85143,33852,480,Grass
85144,33846,477,Grass
85146,33841,471,Grass
85147,33834,466,Grass
85147,33831,466,Grass
85148,33833,467,Grass
85149,33830,469,Grass
85151,33828,468,Grass
85151,33824,466,River bed
85152,33823,466,River bed
85155,33821,468,"Grass, boulders"
85155,33815,469,"Grass, open soil"
85156,33813,468,Grass
85155,33809,467,"Grass, moss"
85158,33805,469,Grass
85158,33800,468,Grass + moss
85159,33792,470,Grass + moss 
85159,33782,490,Grass
85162,33772,475,Grass
85165,33769,477,Grass
,,,
85137,33934,498,grass
85150,33937,493,grass
85150,33916,490,grass
85152,33909,489,long grass
85158,33903,488,grass
85164,33893,485,grass
85166,33882,485,grass
85170,33870,483,grass
85170,33864,480,grass
85170,33856,479,grass
85170,33846,477,long grass and reeds
85174,33850,477,grass
85175,33842,476,grass
85175,33841,475,stream and rocks
85176,33836,475,stream and rocks
85175,33835,471,rocks
85176,33830,472,grass
85178,33827,472,grass
85179,33822,473,grass and moss
85180,33817,472,reeds and moss
85181,33811,475,grass and mushrooms
85182,33809,476,grass
85183,33807,477,grass
85181,33799,479,heather and lichen
85180,33795,475,dry grass
85179,33792,477,grass and reeds
85174,33787,476,grass and moss and mushrooms
85171,33783,477,grass and moss
85170,33782,480,grass and moss
85171,33771,482,grass
85173,33763,483,short grass
85174,33731,482,short grass
85176,33738,482,reeds and grass
85176,33734,483,reeds and grass
85178,33731,483,"boggy, moss, grass"
85179,33730,481,tall reeds and long grass
85179,33726,482,short grass
85179,33721,481,short and long grass
85181,33718,482,"short and long grass, moss"
85184,33713,480,yellow or green grass
85186,33704,482,green grass
85186,33698,482,brown and green reeds
85187,33692,481,brown and green reeds
85190,33687,481,short grass
,,,
85168,33934,485,Rocks
85172,33924,489,Grass
85173,33915,488,Grass
85176,33904,488,Grass
85179,33894,486,Grass
85182,33884,485,Red Grass
85185,33875,485,Red Grass
85189,33867,482,Short Grass 
85193,33858,476,Rocks Scree 
85195,33847,475,Rocks 
85197,33838,475,Long Reed
85199,33833,477,Grass 
85200,33828,474,Grass 
85200,33828,473,Grass 
85202,33827,473,Grass 
85203,33824,474,Grass 
85202,33821,474,Grass 
85203,33817,474,Grass 
85203,33815,475,Grass 
85203,33809,477,Grass 
85203,33805,479,Grass 
85203,33801,480,Grass 
85203,33801,480,Grass 
84204,33797,481,Grass 
85204,33794,482,Grass 
85204,33792,480,Grass 
85202,33785,477,Grass 
85202,33781,477,Grass 
85201,33772,482,Grass 
85200,33768,482,Grass 
85200,33766,482,Grass 
85198,33760,483,Grass 
85197,33755,483,Grass 
85206,33749,481,Grass 
85206,33747,483,Grass 
85206,33745,485,Reeds
85204,33742,487,Grass 
85205,33736,487,Grass 
85203,33730,487,Grass 
85205,33730,488,Grass 
85205,33728,488,Grass 
85205,33725,487,Grass 
85205,33722,488,Grass 
85203,33701,487,Grass 
,,,
85101,85103,485,grass
85103,33917,483,grass
85105,33910,485,grass
85106,33905,486,grass
85108,33895,484,grass
85111,33882,485,grass
85118,33863,483,grass
85118,33858,480,grass
85120,33853,478,grass
85121,33851,478,grass
85124,33843,477,grass
85128,33833,475,grass
85129,33830,475,grass
85129,33823,471,grass
85131,33816,471,grass
85131,33815,471,grass
85133,33811,471,grass
85133,33809,470,grass
85134,33807,470,medium sized rocks 
85133,33803,469,grass and smaller / medium rocks 
85133,33802,469,stream 1 with smaller rocks and flowing water
85134,33800,469,grass
85134,33799,469,stream 2 - very rocky and water 
85137,33793,472,river bank - very rocky 
85136,33792,474,mud - steap bank with rocks and some weeds 
85138,33788,476,grass with some mud and rock patches 
85136,33783,478,grass
85137,33780,481,grass
85138,33765,480,grass and some parts of heather 
85140,33744,479,heather 
85137,33730,478,grass
85138,33729,478,grass
85138,33726,479,small stream with some rocks 
85139,33716,479,grass and some small rocks 
85138,33702,479,grass
85138,33687,479,grass
85137,33678,480,grass
85138,33675,480,grass
85137,33671,479,grass
85137,33665,479,grass
,,,
85170,33934,489,dry grass
85171,33932,489,gravel and rock
85173,33924,488,short grass
85174,33918,488,short grass
85175,33912,489,tall grass
85178,33910,488,tall grass
85177,33905,487,tall grass
85177,33900,487,short grass
85179,33895,489,short grass
85180,33893,488,tall grass
85181,33889,485,tall grass
85181,33884,485,tall grass
85181,33880,485,short grass
85182,33875,484,short grass
85185,33869,482,short grass
85184,33866,479,tall grass
85185,33864,480,tall grass
85185,33860,477,short grass
85184,33857,477,short grass
85187,33852,472,short grass
85189,33851,474,short grass
85187,33848,475,river bank
85188,33847,474,river and stones
85189,33845,476,river and stones
85189,33846,476,river bank
85191,33842,475,short grass
85192,33838,474,short grass
85194,33832,468,short grass
85194,33827,469,short grass
85195,33824,471,tall grass
85195,33820,472,mossy
85196,33816,472,rocks and grass
85199,33810,476,short grass
85200,33805,479,short grass
85204,33800,484,short grass
85203,33797,485,short grass
85201,33793,482,short grass
85202,33784,475,short grass
85200,33779,474,short grass
85202,33770,479,short grass
85202,33767,480,short grass
,,,
85144,33940,491,grassy
85149,33935,487,grassy
85149,33934,489,grassy
85148,33934,490,grassy
85150,33927,491,grassy
85150,33925,490,grassy
85150,33921,488,grassy
85153,33917,488,grassy
85154,33912,487,grassy
85155,33909,486,reedy
85154,33903,485,reedy
85156,33897,483,grassy
85158,33892,484,grassy
85161,33887,483,grassy
85161,33880,482,grassy
85164,33875,484,reedy
85167,33869,479,grassy
85167,33866,479,grassy
85168,33863,480,grassy
85169,33859,478,grassy
85169,33855,476,grassy
85169,33850,476,grass + reed
85169,33845,473,grass + moss
85171,33843,473,cliff
85171,33841,469,cliff
85172,33841,471,river
85170,33837,471,cliff
85172,33835,472,rock
85173,33831,473,flood rocks
85174,33825,472,rock
85175,33821,473,grassy
85177,33812,471,boggy
85179,33807,471,grass and moss
85180,33805,471,grassy
85181,33803,472,grassy
85183,33800,474,grass
85181,33801,481,grass
85182,33800,483,heather
85182,33791,478,tufty grass
85179,33787,473,long grass
85176,33784,470,grass
85176,33780,472,reed
85173,33779,475,grass
85174,33778,480,grass
,,,
85102,33925,486,grass
85102,33924,485,
85103,33919,485,
85104,33919,484,
85106,33917,484,
85109,33910,484,
86112,33901,483,
85115,33893,482,
85114,33884,481,
85114,33878,479,
85115,33866,479,
85114,33862,478,
85117,33857,477,
85120,33852,474,Reeds
85121,33848,471,
85124,33843,472,Grass
85129,33834,472,
85132,33825,469,
85134,33816,463,
85134,33810,464,Rocks with some grass
85135,33808,465,
85136,33806,465,
85136,33803,465,
85137,33801,465,River
85137,33800,462,River
85140,33797,465,rocks   
85135,33790,466,soil and muddy slope 
85136,33789,466,Little vegetation
85136,33787,466,
85137,33783,475,
85140,33776,478,
85140,33767,480,
,,,
85126,33925,492,Grass
85126,33908,492,Grass
85132,33900,491,Grass
85132,33897,490,Grass
85133,33893,490,Grass
85135,33891,489,Grass
85136,33889,488,Grass
85137,33888,487,Grass
85138,33886,487,Grass
85138,33885,488,Grass
85139,33883,489,Moss
85140,33880,488,Longer Grass
85140,33877,487,Reeds + Marsh
85138,33874,485,Reeds + Marsh
85138,33870,484,Made ground
85140,33867,484,Made ground
85140,33865,482,Made ground
85142,33862,481,Made ground
85143,33857,480,Reeds
85144,33855,479,Reeds
85143,33851,478,Grass
85144,33848,478,Grass
85144,33845,477,Grass
85145,33844,478,Grass
85145,33842,477,Grass
85146,33837,476,Grass
85145,33832,475,ExposedDrift
85147,33830,475,SomeExposedBedrock
85147,33829,475,SomeExposedBedrock
85149,33827,474,Grass
85150,33825,474,Grass
85149,33824,474,Grass
85150,33823,473,Grass
85152,33818,473,River
85154,33817,473,Grass
85155,33812,474,Grass
85155,33811,474,Bedrock + Drift Exposed
85155,33810,474,Bedrock + Drift Exposed
85156,33807,475,Bedrock + Drift Exposed
85156,33806,475,Bedrock + Drift Exposed
85155,33804,475,Moss + Bedrock
85157,33803,476,Moss + Bedrock
85157,33802,476,Moss + Bedrock
85157,33799,476,Moss + Bedrock
85159,33797,475,Mining Waste
85158,33795,475,Mining Waste
85159,33794,475,Grass
85159,33792,475,Grass
85160,33790,476,Moss
85161,33791,477,Moss
85166,33790,478,Moss
85160,33788,478,Moss
85161,33787,478,Moss
85162,33786,479,Moss
85163,33785,480,Moss
85163,33784,480,Moss
85164,33782,481,Moss
,,,
85102,33924,482,Grass
85104,33923,482,Grass
85104,33921,481,Grass
85102,33915,480,Grass
85104,33912,482,Grass
85107,33910,482,Grass
85105,33908,483,Grass M
85110,33902,483,Grass M
85111,33896,481,Grass M
85113,33880,482,Grass M
85116,33873,481,Grass
85118,33862,479,Grass
85117,33871,478,Grass
85118,33858,477,Grass
85119,33857,474,Grass
85119,33854,475,Grass
85119,33852,473,Grass
85121,33849,473,Grass
85120,33847,471,Grass
85121,33846,473,Grass
85122,33843,471,Grass
85124,33837,470,Grass
85125,33831,470,Grass
85125,33828,469,Grass
85125,33822,467,"Grass, reeds"
85125,33821,467,"Grass, reeds"
85125,33820,466,"Grass, reeds"
85126,33818,466,"Grass, reeds"
85127,33815,467,"Grass, reeds"
85126,33812,468,"Grass, reeds"
85126,33809,467,"Grass, reeds"
85130,33805,467,"Grass, reeds"
85128,33804,467,"River, rocks, reeds"
85129,33800,467,"River, rocks"
85128,33799,469,River
85128,33799,466,River
85129,33796,467,Grass
85132,33791,469,Grass
85136,33790,473,Grass
85138,33788,474,Grass
,,,
85146,33933,486,Grass
85147,33931,481,Tuft Grass
85149,33927,482,Tuft Grass
85151,33924,485,Tuft Grass
85152,33924,484,Tuft Grass
85153,33911,485,Tuft grass
85152,33906,485,Reeds
85153,33901,485,Tuft Grass
85157,33891,481,Tuft Grass
85158,33815,482,Grass
85160,33880,480,Reeds
85160,33871,477,Grass
85162,33865,476,Grass
85164,33857,476,Grass
85165,33852,475,Grass
85165,33846,472,Reeds
85167,33844,469,Grass
85168,33840,470,None
85160,33837,470,None
85160,33836,469,None
85169,33831,468,Reeds
85169,33831,469,Grass
85171,33826,469,None
85172,33824,469,Grass
85171,33821,467,Grass
85175,33813,469,Grass
85176,33809,467,Grass
85177,33805,471,Grass
85178,33800,473,Grass
,,,
85169,33930,488,Lack of vegetation due to mining; gravel 
85172,33928,484,Lack of vegetation due to mining; gravel 
85171,33924,488,Grass
85173,33917,487,Moss
85175,33911,486,Grass
85175,33907,485,Reeds
85177,33901,484,Grass
85179,33892,484,Sphagnum moss coverage
85181,33888,484,Grass
85183,33882,482,Grass
85184,33874,481,Grass slope
85186,33866,482,Signs of cliff slumping from mining 
85188,33864,482,River 
85190,33862,480,Riverbank 
85192,33862,478,Mining heap
85193,33855,473,Grass
85194,33849,470,Mining heap
85193,33848,471,Peat and reeds 
85196,33849,473,Wet moss 
85195,33840,474,Wet moss 
85196,33834,474,Grass
85198,33824,473,Thistles 
85199,33818,473,Grass
85200,33815,475,Grass slope
85199,33815,472,Thistles and moss
85200,33811,474,Grass
85202,33806,476,"Lack of vegetation due to mining (likely traces of lead within the ground, leaving vegetation unable to grow); gravel "
85201,33800,478,Grass and gravel 
,,,
85129,33921,484,Grass which has brown straw looking reeds 
85129,33918,484,Grass which has brown straw looking reeds 
85129,33913,482,Grass which has brown straw looking reeds 
85131,33907,482,Grass which has brown straw looking reeds 
85134,33896,482,Grass which has brown straw looking reeds 
85135,33892,482,Grass which has brown straw looking reeds 
85135,33892,479,Grass which has brown straw looking reeds 
85137,33887,482,Grass which has brown straw looking reeds 
85139,33885,480,Grass which has brown straw looking reeds 
85139,33883,478,Grass which has brown straw looking reeds 
85139,33882,479,Grass which has brown straw looking reeds 
85141,33877,482,Grass which has brown straw looking reeds 
85139,33874,480,Grass which has brown straw looking reeds 
85139,33872,480,Grass which has brown straw looking reeds 
85141,33864,479,Grass is slightly shoter and less reedy 
85141,33864,478,Grass which has brown straw looking reeds 
85142,33854,477,Grass which has brown straw looking reeds 
85143,33856,477,Grass which has brown straw looking reeds 
85143,33653,475,Grass which has brown straw looking reeds 
85146,33850,475,Grass which has brown straw looking reeds 
85147,33846,471,Grass which has brown straw looking reeds 
85150,33843,470,Grass which has brown straw looking reeds 
85151,33836,471,Grass which has brown straw looking reeds 
85151,33835,471,Grass which has brown straw looking reeds 
85152,33832,472,Grass which has brown straw looking reeds 
85154,33829,471,Grass which has brown straw looking reeds 
85156,33826,471,Grass which has brown straw looking reeds 
85158,33825,467,Grass with some rocks
85158,33825,467,Start of the river channel 
,,,"River, with large rocks and pebbles"
,,,
85168,33930,494,
85170,33929,495,
85170,33925,495,
85172,33920,495,
85173,33917,495,
85173,33914,494,
85174,33910,493,
85177,33900,494,
85178,33891,491,
85182,33883,490,
85184,33873,490,
85185,33865,489,
85185,33863,485,
85187,33862,485,
85187,33859,483,
85188,33853,480,
85190,33849,479,
85192,33845,477,
85191,33844,478,
85193,33841,478,
85194,33838,478,
85195,33834,477,
85197,33831,477,
85197,33822,477,
85199,33818,478,
85199,33812,479,
85202,33809,483,
85204,33806,483,
85202,33799,486,
,,,
858125,33922,491,
85128,33914,491,
85129,33910,491,
85130,33903,490,
85133,33897,487,
85135,33888,485,
85136,33884,485,
85136,33883,454,first uphill
85137,33882,485,
85138,33879,485,
85140,33875,484,
85143,33870,482,
85142,33867,483,
85144,33855,482,
85145,33846,482,
85146,33844,481,
85149,33835,479,
85149,33831,478,
85151,33829,478,
85152,33827,477,
85152,33825,474,
85154,33822,470,down to river
85152,33822,470,across river
85154,33818,471,
85155,33818,471,
85156,33814,471,
85156,33812,475,
85156,33809,474,
85158,22805,476,
85159,33801,479,
85160,33797,479,
85160,33791,479,
85160,33790,478,
85162,33786,481,
85164,33781,481,
,,,
85147,33932,490,Grassy vegetation
85147,33932,491,Grassy vegetation
85147,33927,489,Grassy vegetation
85147,33922,488,Grassy vegetation
85149,33918,486,Grassy vegetation
85150,33914,493,Grassy vegetation
85151,33910,492,Grassy vegetation
85152,33906,491,Grassy vegetation
85151,33901,490,Grassy vegetation
85153,33896,489,Grassy vegetation
85155,33891,488,Grassy vegetation
85157,33885,487,Grassy vegetation
85160,33880,486,Grassy vegetation
85163,33873,485,Grassy vegetation
85165,33870,486,Grassy vegetation
85167,33863,485,Grassy vegetation
85167,33860,484,Grassy vegetation
85169,33856,484,Grassy vegetation
85169,33853,483,Grassy vegetation
85171,33850,483,Grassy vegetation
85173,33847,482,Grassy vegetation
85173,33842,481,Grassy vegetation
85174,33840,480,Grassy vegetation
85177,33839,478,Grassy vegetation
85176,33840,476,Grassy vegetation
88176,33840,477,Grassy vegetation
88178,33840,475,Grassy vegetation
85176,33840,474,Stream
85178,33834,475,Stream
85182,33834,475,Grassy vegetation
85186,33828,476,Grassy vegetation
85184,33826,477,Grassy vegetation
85181,33818,478,Grassy vegetation
85182,33817,480,Grassy vegetation
85181,33813,481,Grassy vegetation
85181,33810,483,Grassy vegetation
85181,33806,484,Grassy vegetation
85180,33800,484,Grassy vegetation
85179,33797,486,Grassy vegetation
,,,
NY 85101,BNG 33924,489,
NY 85101,BNG 33924,489,
NY 85101,BNG 33923,488,
NY 85101,BNG 33922,489,
NY 85102,BNG 33919,489,
NY 85103,BNG 33913,489,
NY 85105,BNG 33909,490,
NY 85111,BNG 33887,487,
NY 85112,BNG 33878,487,
NY 85116,BNG 33867,486,
NY 85118,BNG 33857,484,
NY 85119,BNG 33857,483,
NY 85119,BNG 33853,483,
NY 85119,BNG 33851,482,
NY 85120,BNG 33848,481,
NY 85121,BNG 33845,480,
NY 85122,BNG 33839,479,
NY 85122,BNG 33838,478,
NY 85123,BNG 33837,478,
NY 85124,BNG 33835,477,
NY 85125,BNG 33832,477,
NY 85125,BNG 33831,477,
NY 85125,BNG 33830,477,
NY 85126,BNG 33528,477,
NY 85127,BNG 33824,477,
NY 85128,BNG 33822,477,
NY 85128,BNG 33821,477,
NY 85128,BNG 33819,477,
NY 85128,BNG 33819,476,
NY 85131,BNG 33808,471,
NY 85131,BNG 33808,471,
NY 85131,BNG 33808,471,
NY 85132,BNG 33803,471,
NY 85131,BNG 33801,470,
NY 85132,BNG 33800,469,
NY 85131,BNG 33796,470,
NY 85130,BNG 33795,470,
NY 85131,BNG 33794,471,
NY 85132,BNG 33793,473,
NY 85132,BNG 33790,474,
NY 85132,BNG 33784,476,
NY 85133,BNG 33788,477,
NY 85134,BNG 33787,478,
,,,
85168,33933,490,Grass
85169,33936,492,Grass
85170,33926,491,Grass
85169,33918,490,Grass
85172,33910,489,Grass
85176,33897,488,Grass
85179,33877,486,Grass
85186,33864,483,Grass
85186,33861,483,Grass
85912,33858,476,Landslide- diamicton- mud-no vegetation
85198,33855,474,River bed
85201,33853,477,River bed to Rock pile
85202,33849,477,Rock pile down to Grassland slope
85204,33838,476,Grass/ Peatland cover
85204,33835,478,Grass/ Peatland cover
85204,33834,478,Grass/ Peatland cover
85204,33825,479,Grass/ Peatland cover
85203,33824,478,Grass/ Peatland cover
85202,33820,477,Grass/ Peatland cover
85204,33816,479,Grass/ Peatland cover
85204,33813,481,Grass/ Peatland cover
85201,33805,484,Grass/ Peatland cover
85201,33205,484,Grass/ Peatland cover
85203,33800,484,Grass/ Peatland cover
85204,33795,485,Grass/ Peatland cover
85203,33793,485,Grass/ Peatland cover
,,,
85140,33934,449,soil
85148,33932,490,Grass
85149,33929,490,Grass
85150,33920,489,Grass
85151,33915,489,Grass
85153,33910,489,Grass
85154,33900,486,Grass
85156,33896,486,Grass
85157,33890,487,Grass
85160,33884,485,Grass
85161,33880,483,Grass
85162,33876,485,Grass
85164,33870,483,Grass
85165,33868,482,Grass
85166,33861,480,Grass
85166,33861,480,Grass
85167,33856,480,Grass
85167,33851,479,Grass
85168,33849,477,Grass
85168,33847,478,Grass
85168,33844,475,Grass
85169,33843,475,Grass
85169,33843,475,Grass
85169,33838,475,Grass
85169,33834,473,river
85170,33834,473,Grass
85171,33831,473,Grass
85171,33830,473,Grass
85171,33830,473,Grass
85172,33827,474,Grass
85174,33824,474,Grass
85174,33822,474,Grass
85176,33821,475,Grass
85179,33818,475,Grass
85180,33815,476,Grass
85182,33811,476,Grass
85182,33808,478,Grass
85181,33808,478,Grass
85181,33802,480,Grass
,,,
85094,33926,480m,browny yellow grass
85101,33922,485m,
85102,33916,485m,tussock grass
85012,33916,485m,
85018,33899,484m,
85112,33880,484m,
85115,33866,480m,thick green grass
85115,33862,479m,
85114,33857,480m,
85115,33853,478m,white/yellow grass
85117,33849,477m,
85117,33846,476m,
85118,33841,475m,
85119,33840,474m,
85122,33826,473m,
85123,33821,472m,tussock grass patches
85123,33821,472m,
85123,33821,472m,
85123,33818,472m,
85124,33811,472m,
85124,33811,472m,
85125,33805,472m,
85125,33805,472m,tussock grass 
85126,33803,471m,"thin green grass, longer grass + tussock"
85127,33800,471m,STREAM - deposited rocks
85126,33797,472m,"rock deposits, longer tussock grass + other reeds"
85127,33797,473m,longer yellow grass
85133,33786,479m,shorter green grass
,,,
85125,33919,486,Grassy
85125,33917,488,Grassy. Patchy moss
85126,33912,486,Grassy. Patchy moss
85126,33907,487,Grassy. Patchy moss
85128,33902,487,Grassy
85130,33898,488,Grassy
85132,33894,487,Grassy
85134,33889,486,Grassy
85136,33884,486,Grassy
85137,33883,485,Grassy
85136,33882,485,Grassy
85138,33877,485,Grassy
85140,33874,484,Grassy
85142,33870,487,Grassy
85144,33864,480,Grassy
85146,33860,480,"Grassy, Moorland Grass (soft rush?)"
85148,33852,479,"Grassy, Moorland Grass (soft rush?)"
85149,33852,479,Grassy
85151,33848,477,Grassy
85152,33842,477,"River bank, bedrock"
85154,33840,475,River
85156,33836,475,River
85157,33834,475,River
85158,33832,476,"River bank, bedrock"
85158,33831,475,Grassy
85158,33829,472,"Grassy, Moorland Grass (soft rush?)"
85150,33828,473,"Grassy, Moorland Grass (soft rush?)"
85157,33827,471,Grassy
85157,33825,472,Grassy
85158,33823,472,"Grassy, Moorland Grass (soft rush?)"
85158,33822,472,Grassy
85159,33819,473,Grassy
85160,33814,474,Grassy
85161,33810,474,Grassy
85161,33807,474,Grassy
85162,33804,474,Grassy
85161,33790,473,Grassy
85161,33798,476,Grassy. Small rocks
85161,33794,476,Grassy. Rocky.
85162,33789,475,Grassy
85162,33786,477,Grassy. Patchy moss
85163,33783,479,Grassy. Patchy moss
85164,33776,481,Grassy. Patchy moss
85166,33777,481,Grassy
85166,33768,483,Grassy
85161,33763,482,Grassy
85167,33759,482,Grassy
85168,33758,482,Grassy
85171,33737,483,Grassy
85173,33743,483,Grassy
85174,33741,483,Grassy
,,,
85168,33934,490,
85169,33929,490,
85171,33927,488,
85171,33918,489,
85171,33916,487,
85172,33914,489,
85172,33912,486,
85175,33905,487,
85176,33901,486,
85179,33894,486,
85180,33888,483,
85181,33883,485,
85184,33875,480,
85185,33870,482,
85186,33864,479,
85185,33864,482,
85187,33861,478,
85187,33860,480,
85187,33858,479,
85189,33854,475,
85190,33853,474,
85189,33850,470,
85190,33848,470,
85192,33848,471,
85192,33845,471,
85191,33842,471,
85195,33835,473,
85195,33832,473,
85197,33825,474,
85197,33822,473,
85198,33821,474,
85198,33816,474,
85198,33813,474,
85199,33810,476,
85200,33804,478,
85201,33801,481,
85203,33799,484,
,,,
85126,33922,487,Land covered in grass
85125,33918,486,
85126,33913,488,
85128,33909,486,
85128,33906,486,
85130,33901,485,
85131,33899,485,
85132,33896,485,
85133,33896,486,
85133,33888,485,
85134,33886,483,
85137,33883,483,
85136,33883,482,Steep upslope of a mound in the hill
84137,33882,483,
85138,33878,482,
85139,33876,482,Major vegetation change to tussock grass
85139,33874,482,
85140,33874,481,
85141,33867,481,
85141,33865,480,Major vegetation change back to grass
85142,33859,478,
85144,33858,478,
85145,33855,476,
85246,33852,476,
85147,33850,476,
85147,33846,475,
85149,33844,474,
85149,33840,473,
85151,33837,474,
85150,33833,474,
85151,33830,474,
85153,33827,473,
85152,33827,473,
85153,33825,472,
85153,33824,472,
85154,33824,471,Rocky river bank
85155,33824,470,
85158,33821,479,Main river channel
85158,33815,471,
85160,33815,471,
85162,33812,471,
85164,33870,471,
85164,33808,471,
85164,33804,471,
85164,33802,471,Change in vegetation to moss
85164,33799,472,
85165,33796,474,
85165,33794,474,
85164,33794,474,
85164,33792,474,
85164,33789,474,
85163,33785,475,
85762,33781,477,
85163,33779,479,
,,,
85147,33933,491,
85150,33926,491,
85151,33923,489,
85151,33918,489,
85152,33914,489,
85152,33910,488,
85153,33910,487,
85160,33880,481,
85161,33878,482,
85161,33876,482,
85161,33874,482,
85161,33871,481,
83168,33864,480,
85164,33861,479,
85132,33907,488,
85153,33903,486,
85155,33901,487,
85153,33900,487,
85158,33891,483,
85159,33889,485,
85159,33884,485,
58164,33858,484,
85164,33855,478,
85165,3382,478,
85166,33846,475,
85166,33844,474,
85166,33842,473,
85167,33840,473,
85167,33837,470,
85171,33837,471,cliff to river
85170,33833,471,across river
85169,33831,471,
85170,33829,472,
85170,33826,472,
85172,33823,471,
85171,33821,471,
85172,33819,473,
85175,33810,473,
85176,33807,475,
85176,33805,475,
85177,33799,477,
85180,33795,479,
,,,
85101,33922,486,
85102,33924,484,
85102,33920,485,
85103,33916,483,
85103,33914,486,
85103,33912,485,
85106,33902,483,
85108,33896,483,
85109,33888,483,
85110,33885,481,
85113,33879,482,
85113,33878,481,
85113,33870,479,
85113,33865,480,
85115,33862,479,
85116,33856,478,
85117,33854,473,
85116,33852,473,
85117,33848,475,
85119,33844,473,
85119,33840,470,
85120,33835,473,
85122,33830,472,
85123,33828,472,
85123,33822,471,
85123,33820,471,
85124,33813,469,
85125,33807,469,
85123,33804,469,
85122,33801,467,
85122,33801,469,
85122,33800,468,
85123,33797,470,
85123,33795,468,
85124,33792,468,
85128,33791,473,
85129,33789,474,
85133,3784,476,
85134,33782,480,
85134,33782,480,
85138,33776,478,
85139,33770,479,
85141,33763,479,
85141,33766,479,
85141,33754,478,
85144,33743,479,
,,,
85101,33924,476,
85102,33923,488,
85103,33920,488,
85104,33916,487,
85105,33911,488,
85106,33902,488,
85107,33877,486,
85108,33872,484,
85109,33867,485,
85110,33860,484,
85111,33855,483,
85112,33854,483,
85113,33852,481,
85114,33849,477,
85115,33847,476,
85116,33845,478,
85117,33844,477,
85122,33841,475,
85122,33836,476,
85123,33834,474,
85123,33831,475,
85124,33829,477,
85123,33828,476,
85125,33826,476,
85127,33821,477,
85127,33819,475,
85127,33817,475,
" 85128,",33813,476,
" 85128,",33810,477,
"85130,",33804,476,
"85129,",33804,475,
"85131,",33802,477,
"85130, ",33799,475,
" 85120,",33799,474,
"85136,",33797,477,
"85130,",33795,474,
"85130,",33794,478,
85135,33787,477,
85133,33786,482,
"85134,",33785,484,
"85135,",33785,485,
,,,
85167,33927,476,grassland
85170,33930,483,uncovered muddy ground with rocky scrub
85169,33927,491,uncovered muddy ground with rocky scrub
85171,33924,490,uncovered muddy ground with rocky scrub
85173,33922,490,grassland
85174,33919,490,grassland
85176,33917,490,grassland
85176,33915,490,uneven grass
85177,33913,489,grassland
85177,33910,489,thick tall grass
85179,33907,488,thick tall grass
85180,33905,488,thick tall grass
85181,33902,489,rushes and grassland
85180,33902,489,rushes and grassland
85180,33898,489,grassland
85181,33894,489,grassland
85182,33889,487,grassland
85183,33888,488,denser grass and moss
85183,33885,489,grassland
85183,33882,487,grassland
85183,33881,487,grassland
85185,33876,488,grassland
85184,33873,486,grassland
85183,33870,486,grassland
85183,33867,486,grassland
85184,33864,486,grassland
85183,33863,484,grassland
85185,33859,482,grassland
85185,33857,481,patchy grass
85186,33855,480,patchy grass
85186,33855,478,patchy grass
85187,33853,476,patchy grass
85187,33853,474,flat grassland
85190,33849,474,stream
85192,33847,473,stream
85192,33845,475,up rock pile
85193,33842,474,down rock pile
85193,33838,474,grassland
85195,33833,476,small sediment patch
85196,33832,476,small sediment patch
85195,33831,476,grassland
85196,33827,475,boggy thick tall grassland
85197,33826,477,grassland
85197,33825,478,grassland
85197,33822,478,grassland
85198,33820,479,rocky ridge
85198,33816,479,rocky ridge
85198,33814,480,steep ridge
85198,33812,479,steep ridge
85197,33808,481,long grassland
85199,33801,481,long grassland
85200,33804,482,long grassland
85201,33802,482,long grassland
85202,33801,483,long grassland
85203,33798,484,long grassland
,,,
85147,33933,490,Short grass
85146,33932,490,Short grass
85146,33930,490,Short grass 
85147,33925,489,Short grass 
85147,33923,489,Short grass 
85150,33907,488,Short grass 
85153,33891,484,Long grass
85156,33882,484,Medium grass 
85159,33877,482,Medium grass 
85161,33869,482,Tall grass
85162,33864,481,Medium grass
85163,33857,480,"Medium grass, steep"
85164,33855,479,"Short and medium grass, sheep poo"
85164,33852,479,"Short grass, steep"
85165,33851,477,"Medium grass, down into valley "
85166,33845,477,Medium grass 
85166,33843,476,Medium grass 
85167,33841,475,"Straight down, medium grassy"
85167,33839,474,"Medium and long grass, near river "
85167,33838,473,Short grass 
85167,33837,472,Sharp drop over river - steep river bank 
85168,33834,471,"Along riverbed, rocks wet "
85169,33832,473,Rock and short grass 
85170,33829,472,Rocks and grass
85174,33825,473,Vertical old river bank 
85179,33814,475,Boggy medium grass 
85181,33809,478,Medium grass and moss 
85181,33805,479,Short grass and moss 
85180,33739,481,Medium grass
,,,
85126,33925,478,grass 
85125,33924,484,grass 
85128,33918,485,long grass 
85130,33909,487,grass 
85131,33903,487,grass and moss 
85132,33897,487,grass 
85134,33893,486,grass 
85135,33889,486,grass 
85135,33888,486,grass 
85135,33886,486,grass 
85136,33883,484,mound of land - from mining finding mineral veins 
85138,33883,484,grass
88137,33880,485,grass
85137,33880,485,grass
85137,33878,485,grass
85138,33875,484,grass
85140,33873,483,grass
85138,33872,482,grass
85141,33864,482,grass
85143,33856,482,grass
85146,33846,479,grass
85148,33841,478,river 
85151,33832,477,stones on the bank of the river 
85151,33831,476,stones
85152,33830,476,stones
85153,33828,476,stones
85153,33827,474,stones
85153,33826,475,moss and grass
85154,33826,475,moss and grass
85157,33818,475,moss and grass
85157,33816,476,moss and grass
85158,33814,477,moss and grass
85160,33805,477,moss and grass
85160,33802,477,moss and grass
85160,33797,480,moss and grass
85160,33796,480,moss and grass
85160,33795,478,moss and grass
85161,33789,479,moss and grass
85164,33781,484,moss and grass
